OrderItemID,OrderID,ProductID,Quantity
1,1160,82,2
2,796,3,3
3,466,93,2
4,980,63,3
5,1036,55,3
6,1153,24,1
7,1178,98,1
8,175,77,4
9,190,54,3
10,766,13,4
11,1101,11,4
12,934,70,3
13,161,71,2
14,363,88,4
15,338,96,4
16,424,83,2
17,1397,35,1
18,701,47,1
19,1162,48,1
20,1025,32,2
21,878,80,3
22,317,96,4
23,1016,80,3
24,283,21,2
25,717,15,1
26,1384,65,4
27,1019,80,4
28,1061,7,2
29,785,20,1
30,676,18,3
31,363,92,4
32,470,78,2
33,1493,48,2
34,439,7,3
35,373,65,4
36,499,48,3
37,226,37,3
38,1262,37,4
39,89,5,1
40,1492,8,2
41,1241,18,2
42,365,70,2
43,1005,22,4
44,415,22,2
45,21,76,2
46,189,37,1
47,895,96,2
48,567,24,2
49,830,43,4
50,1187,16,2
51,862,40,3
52,593,29,3
53,564,87,4
54,800,2,1
55,920,57,1
56,402,7,3
57,745,12,1
58,336,10,3
59,1116,1,3
60,1083,22,4
61,846,18,1
62,1472,10,1
63,1136,31,1
64,1127,41,3
65,1019,62,1
66,822,79,4
67,87,51,1
68,1343,6,4
69,823,52,3
70,1483,79,3
71,1328,16,1
72,768,92,3
73,1364,89,4
74,874,83,1
75,1412,92,2
76,255,9,4
77,917,80,4
78,1106,85,3
79,1463,96,2
80,965,19,3
81,1354,50,4
82,821,33,3
83,1367,49,4
84,1270,12,2
85,790,43,2
86,419,24,4
87,176,94,1
88,58,89,4
89,397,23,4
90,680,90,1
91,1256,57,1
92,1471,95,3
93,435,58,4
94,788,33,1
95,942,58,2
96,388,6,3
97,1032,40,3
98,157,12,2
99,220,83,1
100,669,37,2
101,437,68,4
102,1218,40,1
103,191,40,2
104,664,33,1
105,612,51,2
106,1096,76,1
107,1360,41,3
108,1454,53,3
109,455,96,3
110,1359,40,4
111,378,33,2
112,1311,16,3
113,439,2,3
114,533,10,2
115,1323,21,3
116,885,9,2
117,1403,15,1
118,566,62,3
119,169,45,1
120,347,96,1
121,74,37,4
122,174,54,3
123,1285,51,1
124,878,1,1
125,112,97,3
126,26,27,3
127,1098,79,4
128,473,53,1
129,1123,87,2
130,133,10,4
131,403,85,3
132,635,16,2
133,1346,98,2
134,1494,59,2
135,185,69,2
136,310,45,3
137,266,3,3
138,214,54,1
139,1078,20,1
140,1385,54,2
141,732,94,1
142,1060,93,4
143,1129,63,1
144,300,25,3
145,1388,32,3
146,249,63,1
147,624,1,4
148,640,88,4
149,977,4,4
150,447,15,3
151,1084,6,4
152,628,68,3
153,948,8,2
154,1185,86,2
155,574,95,4
156,651,38,1
157,885,36,2
158,522,27,4
159,757,71,4
160,750,6,3
161,773,1,1
162,1292,23,3
163,744,16,2
164,826,34,4
165,1033,18,2
166,1032,92,4
167,1255,11,4
168,982,48,1
169,663,54,3
170,765,89,4
171,750,33,4
172,1198,44,1
173,1125,94,4
174,1496,10,2
175,1206,75,2
176,78,34,3
177,648,6,2
178,659,87,4
179,385,14,2
180,4,48,2
181,100,63,4
182,782,30,2
183,108,78,4
184,1354,62,3
185,655,48,3
186,407,22,1
187,565,57,2
188,1056,72,3
189,231,42,3
190,392,81,2
191,255,31,4
192,907,66,1
193,742,56,2
194,674,95,2
195,660,88,2
196,1446,19,4
197,815,54,3
198,385,65,1
199,1224,38,1
200,27,50,4
201,19,45,4
202,1411,93,4
203,674,80,3
204,1441,6,4
205,779,18,4
206,424,68,4
207,425,32,2
208,242,69,3
209,442,18,3
210,371,39,1
211,898,2,3
212,304,7,4
213,1192,21,2
214,1466,12,3
215,1333,80,3
216,1067,53,1
217,668,86,3
218,464,86,2
219,402,59,4
220,705,40,2
221,701,37,2
222,759,35,1
223,361,39,2
224,691,50,2
225,1208,25,4
226,451,91,4
227,1311,51,3
228,740,24,3
229,589,10,4
230,220,14,1
231,1405,38,1
232,663,11,2
233,1132,70,4
234,153,33,3
235,1433,44,3
236,690,3,3
237,621,23,3
238,982,49,4
239,1316,43,1
240,1237,56,4
241,1279,4,3
242,99,23,1
243,1149,2,4
244,317,41,2
245,559,35,3
246,62,15,4
247,443,51,3
248,483,5,4
249,1367,78,3
250,1351,75,3
251,1313,46,1
252,464,1,1
253,4,13,3
254,784,73,3
255,635,26,3
256,337,35,1
257,1453,21,4
258,230,6,4
259,295,45,2
260,955,87,3
261,391,39,3
262,899,88,3
263,1212,74,3
264,879,12,3
265,230,65,1
266,395,61,4
267,891,83,2
268,1231,11,2
269,1480,15,1
270,1324,33,1
271,1097,44,3
272,681,89,4
273,1095,96,1
274,831,77,2
275,184,21,3
276,1292,63,2
277,699,8,3
278,598,15,2
279,444,3,2
280,859,39,2
281,328,97,4
282,1042,42,3
283,1444,52,4
284,1476,8,3
285,1092,98,2
286,294,17,2
287,1189,58,2
288,1456,2,1
289,827,77,1
290,1316,48,2
291,571,74,2
292,1452,4,3
293,1476,47,4
294,753,37,4
295,1211,40,1
296,1498,21,1
297,1042,29,1
298,909,16,4
299,584,70,1
300,729,56,4
301,295,60,2
302,248,69,2
303,245,67,3
304,1180,85,3
305,77,6,4
306,221,58,4
307,870,35,2
308,98,87,4
309,37,71,3
310,1442,32,4
311,1316,61,1
312,1324,83,1
313,177,55,3
314,753,36,2
315,475,47,1
316,1329,74,3
317,689,48,3
318,165,47,1
319,514,25,4
320,565,86,4
321,3,79,3
322,1314,70,4
323,1010,10,3
324,1429,52,4
325,655,29,4
326,765,31,4
327,872,51,2
328,612,94,2
329,924,22,4
330,716,77,3
331,687,77,2
332,545,89,4
333,412,76,3
334,568,86,1
335,401,58,1
336,733,39,2
337,441,32,2
338,1117,69,1
339,1172,77,3
340,474,89,2
341,409,31,1
342,434,15,4
343,132,63,1
344,534,75,2
345,490,10,3
346,731,8,4
347,139,97,4
348,831,20,3
349,115,63,2
350,135,83,2
351,341,78,4
352,476,29,3
353,599,47,3
354,600,30,1
355,544,55,4
356,682,36,2
357,431,7,2
358,333,24,1
359,674,87,3
360,451,1,3
361,900,36,4
362,974,85,4
363,1432,49,2
364,643,5,3
365,854,6,1
366,344,94,3
367,1260,69,3
368,576,74,2
369,22,34,3
370,29,56,4
371,1369,54,4
372,1200,13,4
373,636,3,3
374,114,92,3
375,1300,34,4
376,899,11,4
377,413,33,3
378,1382,37,2
379,563,6,1
380,1170,56,3
381,964,92,4
382,1196,16,4
383,886,30,4
384,271,47,2
385,519,52,2
386,304,16,3
387,1359,36,3
388,15,82,1
389,187,49,2
390,1410,25,1
391,1470,5,2
392,602,54,3
393,229,78,2
394,484,13,2
395,1085,26,1
396,1198,40,3
397,1327,68,2
398,91,90,4
399,1267,26,3
400,1381,69,2
401,1034,54,1
402,143,7,3
403,726,87,1
404,414,52,3
405,391,96,2
406,1367,79,4
407,1092,69,1
408,464,82,3
409,945,66,2
410,372,27,4
411,748,21,4
412,209,20,1
413,719,66,4
414,336,76,4
415,529,28,1
416,1348,92,3
417,1472,41,1
418,332,27,1
419,1228,81,2
420,375,56,3
421,948,59,3
422,957,76,1
423,1217,20,2
424,1067,68,1
425,350,4,1
426,513,54,2
427,810,34,3
428,1427,58,2
429,9,3,1
430,686,68,2
431,1314,49,2
432,787,43,3
433,681,79,4
434,1235,12,1
435,5,76,2
436,1424,45,4
437,1100,55,1
438,1281,72,1
439,72,30,1
440,1031,21,1
441,472,33,3
442,555,55,2
443,31,4,3
444,77,3,1
445,424,72,2
446,643,45,2
447,818,64,3
448,1368,49,4
449,963,25,4
450,1275,56,2
451,1425,73,3
452,327,37,3
453,139,93,3
454,760,68,1
455,621,77,3
456,1226,97,4
457,23,46,4
458,1500,37,2
459,1155,28,2
460,905,49,3
461,1107,75,3
462,648,33,3
463,351,16,4
464,1358,86,3
465,55,75,3
466,80,95,4
467,1403,73,2
468,425,51,3
469,995,11,4
470,63,31,3
471,1223,85,1
472,1027,26,3
473,55,18,4
474,1192,27,2
475,71,10,4
476,1407,75,2
477,685,49,4
478,1015,17,1
479,128,78,4
480,1184,51,1
481,1299,95,4
482,363,53,4
483,325,69,3
484,791,20,1
485,287,76,4
486,1476,74,2
487,1172,87,4
488,1315,38,2
489,111,82,2
490,626,76,1
491,639,56,2
492,774,11,2
493,622,64,1
494,260,42,1
495,1337,83,1
496,989,27,3
497,200,30,1
498,681,87,3
499,159,52,2
500,1316,5,2
501,373,62,3
502,1493,29,4
503,779,27,1
504,258,61,1
505,1039,74,2
506,589,45,4
507,462,89,3
508,1200,70,3
509,1386,31,4
510,1028,28,4
511,1274,31,3
512,936,90,3
513,355,25,3
514,731,17,1
515,248,79,3
516,932,60,2
517,250,70,1
518,648,24,2
519,1311,85,3
520,19,10,4
521,1136,10,1
522,74,43,2
523,1226,10,2
524,799,37,3
525,688,8,4
526,569,31,2
527,141,21,4
528,939,50,2
529,1492,8,2
530,1450,90,4
531,121,42,3
532,750,56,4
533,980,35,1
534,170,50,2
535,1325,67,1
536,76,33,2
537,1468,4,3
538,928,23,1
539,1204,70,2
540,1010,2,4
541,740,70,4
542,1374,76,2
543,930,19,1
544,944,83,1
545,299,48,3
546,524,59,1
547,672,89,1
548,901,28,4
549,1023,43,4
550,1416,86,2
551,73,4,1
552,1375,18,4
553,523,88,1
554,1357,54,2
555,232,12,1
556,182,24,1
557,1391,16,1
558,1186,91,4
559,441,18,1
560,835,72,1
561,865,38,4
562,862,80,2
563,323,28,1
564,762,88,2
565,475,60,3
566,520,9,1
567,1436,5,1
568,588,15,2
569,131,55,2
570,907,62,1
571,569,2,3
572,505,97,2
573,968,68,4
574,1485,52,1
575,1016,33,3
576,165,76,3
577,1005,95,2
578,449,23,4
579,1454,7,3
580,220,31,2
581,1495,67,4
582,45,62,3
583,152,63,3
584,302,16,1
585,1371,88,1
586,1155,3,1
587,631,95,3
588,385,47,3
589,1250,89,2
590,497,49,4
591,1413,21,1
592,131,57,4
593,876,97,2
594,404,61,4
595,1287,7,2
596,299,25,1
597,784,97,3
598,684,60,4
599,1140,75,1
600,9,76,3
601,1257,66,2
602,1063,83,3
603,634,83,3
604,318,48,1
605,1194,95,2
606,840,57,3
607,198,22,3
608,1065,34,3
609,1364,67,2
610,519,63,4
611,190,71,3
612,47,79,4
613,878,49,3
614,570,94,4
615,453,84,3
616,1305,8,4
617,129,32,2
618,823,67,3
619,873,24,2
620,14,16,2
621,1361,32,4
622,243,14,4
623,1219,69,1
624,355,89,4
625,639,32,4
626,1455,8,3
627,709,30,2
628,335,23,1
629,1262,65,4
630,347,61,4
631,1461,38,1
632,709,38,3
633,98,26,3
634,1319,49,2
635,738,92,1
636,1367,90,2
637,886,14,3
638,1355,7,1
639,664,47,1
640,1156,95,3
641,1395,88,2
642,132,85,4
643,906,80,1
644,420,80,2
645,1367,93,4
646,798,55,1
647,1226,80,2
648,911,76,4
649,1239,23,1
650,26,55,3
651,1391,42,3
652,690,35,1
653,1413,91,1
654,117,13,2
655,848,57,3
656,1227,78,4
657,353,44,2
658,1374,90,4
659,506,72,2
660,1125,6,1
661,1354,8,4
662,1205,43,3
663,863,25,3
664,931,72,4
665,818,64,2
666,1084,30,2
667,1169,39,1
668,1194,98,3
669,627,4,3
670,483,6,4
671,205,79,1
672,30,59,3
673,1423,10,1
674,437,2,3
675,698,56,3
676,615,41,2
677,1166,84,1
678,859,86,2
679,553,26,3
680,624,77,1
681,1401,80,1
682,275,85,1
683,382,32,1
684,700,58,2
685,1414,45,4
686,20,63,2
687,134,93,2
688,732,35,1
689,804,56,2
690,168,48,4
691,530,3,3
692,767,38,1
693,1011,7,4
694,539,29,4
695,529,32,3
696,811,72,3
697,1456,21,3
698,646,51,3
699,739,37,2
700,468,65,1
701,1268,37,3
702,1209,27,1
703,491,48,2
704,171,33,4
705,1161,2,2
706,1367,52,1
707,501,54,1
708,717,8,1
709,670,21,1
710,1078,92,4
711,569,27,2
712,19,38,4
713,608,1,2
714,28,57,3
715,281,21,4
716,65,93,2
717,1198,37,3
718,156,78,3
719,793,71,3
720,1287,5,2
721,56,88,1
722,1133,61,3
723,1039,16,3
724,1280,84,1
725,858,33,4
726,791,4,3
727,254,16,2
728,336,16,2
729,992,78,1
730,1238,66,4
731,624,20,1
732,1474,47,3
733,325,79,3
734,1429,69,4
735,1084,8,2
736,1228,72,4
737,540,59,4
738,45,76,1
739,293,47,4
740,866,90,3
741,302,97,4
742,712,90,4
743,917,13,2
744,743,40,3
745,126,51,4
746,464,82,2
747,1332,65,3
748,421,39,1
749,165,50,4
750,331,88,1
751,543,27,2
752,1212,89,3
753,1332,21,2
754,1483,3,3
755,986,46,4
756,381,69,3
757,607,22,3
758,550,83,1
759,642,44,2
760,938,38,3
761,1402,13,1
762,976,46,3
763,1100,9,2
764,1214,83,3
765,123,97,1
766,1134,49,3
767,299,38,1
768,1235,43,2
769,1389,77,1
770,1397,98,4
771,363,79,3
772,1127,2,4
773,105,11,1
774,578,3,2
775,1373,68,1
776,1101,65,2
777,1443,27,2
778,89,26,1
779,345,65,2
780,889,45,3
781,425,59,2
782,1103,86,2
783,784,51,3
784,438,87,1
785,755,29,4
786,112,27,3
787,1343,67,4
788,1140,79,4
789,759,52,1
790,128,19,2
791,373,77,1
792,247,1,3
793,1328,56,1
794,117,27,1
795,358,41,1
796,983,36,2
797,1090,31,3
798,943,83,1
799,865,65,4
800,919,3,2
801,920,81,2
802,54,75,2
803,264,63,4
804,445,85,2
805,624,59,1
806,928,14,2
807,1352,12,1
808,114,51,4
809,1414,96,2
810,1216,2,2
811,844,50,3
812,302,60,3
813,508,60,2
814,479,24,2
815,1337,88,3
816,1279,59,4
817,707,42,4
818,399,45,2
819,557,27,2
820,1111,61,3
821,226,15,4
822,932,6,1
823,952,3,4
824,1480,16,4
825,715,4,1
826,993,14,4
827,223,88,4
828,1462,86,4
829,942,46,4
830,1205,12,4
831,1014,92,2
832,1047,59,4
833,1313,41,2
834,385,19,1
835,1387,32,3
836,62,48,1
837,1211,94,4
838,1415,51,1
839,880,66,4
840,1469,67,4
841,456,95,3
842,1363,32,1
843,591,43,2
844,500,21,3
845,91,76,4
846,795,47,4
847,1007,21,3
848,621,88,4
849,1184,94,1
850,1496,58,2
851,982,89,1
852,1146,16,2
853,869,54,4
854,292,97,4
855,1071,33,1
856,683,26,4
857,1353,88,1
858,1046,19,1
859,1236,77,3
860,1118,12,4
861,505,93,4
862,1174,63,3
863,956,94,2
864,1228,31,2
865,1377,12,2
866,596,70,3
867,1222,17,3
868,1376,4,3
869,1313,34,1
870,465,70,1
871,321,64,1
872,309,20,1
873,727,73,2
874,316,12,3
875,1376,2,3
876,159,81,1
877,310,83,3
878,617,17,3
879,1308,66,1
880,311,47,3
881,821,27,4
882,1092,96,4
883,306,16,1
884,1305,46,3
885,1223,78,3
886,1263,48,4
887,1022,10,4
888,514,94,2
889,718,51,4
890,230,45,2
891,312,54,3
892,147,5,4
893,896,15,2
894,188,49,3
895,1123,61,3
896,1430,96,1
897,889,71,2
898,312,19,1
899,800,59,3
900,5,55,4
901,96,4,2
902,278,52,4
903,186,98,2
904,889,97,1
905,1384,10,2
906,203,71,1
907,301,62,3
908,856,75,1
909,999,90,4
910,234,75,4
911,1377,86,2
912,58,39,3
913,356,67,2
914,4,65,4
915,621,79,1
916,947,90,1
917,289,86,3
918,1230,34,3
919,200,5,1
920,462,29,2
921,276,73,2
922,452,4,1
923,1255,89,2
924,1236,56,4
925,1242,34,4
926,441,53,2
927,883,24,3
928,1192,14,2
929,744,48,3
930,60,39,3
931,914,31,2
932,968,19,3
933,191,28,4
934,1045,24,1
935,440,51,3
936,566,76,4
937,356,10,3
938,690,43,3
939,320,43,3
940,597,21,1
941,137,15,1
942,536,71,1
943,994,69,4
944,259,62,3
945,1261,48,3
946,1309,22,2
947,342,4,2
948,809,62,1
949,1314,61,2
950,31,38,3
951,1378,66,1
952,931,57,2
953,1420,81,3
954,1484,72,4
955,1457,97,1
956,1308,13,2
957,916,48,2
958,876,50,4
959,1360,73,3
960,53,32,1
961,999,21,4
962,1384,13,2
963,37,65,1
964,558,65,1
965,1177,1,3
966,1387,47,4
967,1470,62,2
968,167,61,4
969,254,36,2
970,526,92,2
971,830,40,2
972,799,10,3
973,1007,87,2
974,1399,38,2
975,1289,29,2
976,1215,82,3
977,68,10,3
978,213,63,1
979,904,71,4
980,771,32,4
981,993,6,1
982,398,20,1
983,1047,91,1
984,911,96,2
985,793,4,2
986,749,1,4
987,221,62,1
988,1493,51,3
989,974,31,1
990,1164,37,4
991,1352,68,4
992,791,82,2
993,1050,5,1
994,1312,65,3
995,1403,67,4
996,1011,14,4
997,875,10,2
998,1098,76,3
999,65,44,1
1000,335,30,3
1001,705,72,3
1002,697,64,1
1003,57,43,3
1004,1350,7,3
1005,432,82,4
1006,848,94,4
1007,720,27,3
1008,285,65,3
1009,279,2,4
1010,693,97,2
1011,1068,21,1
1012,1278,55,1
1013,46,31,2
1014,618,62,2
1015,186,69,3
1016,528,6,2
1017,498,83,2
1018,1067,98,2
1019,1035,88,1
1020,1143,77,4
1021,589,65,3
1022,1186,51,2
1023,188,90,2
1024,891,13,3
1025,1026,6,4
1026,1032,33,2
1027,636,92,1
1028,1062,57,1
1029,196,61,3
1030,933,80,3
1031,627,53,2
1032,1444,79,2
1033,77,77,4
1034,195,66,2
1035,1028,80,1
1036,1305,54,4
1037,144,20,1
1038,358,83,1
1039,401,21,4
1040,779,52,2
1041,1337,29,4
1042,1288,41,3
1043,1130,12,3
1044,111,2,1
1045,714,51,1
1046,709,73,4
1047,957,28,1
1048,145,21,2
1049,1021,52,3
1050,1081,1,2
1051,569,60,2
1052,202,58,2
1053,996,67,3
1054,35,97,2
1055,616,6,2
1056,1176,65,4
1057,497,79,3
1058,10,88,1
1059,118,9,1
1060,160,80,3
1061,958,48,1
1062,409,10,2
1063,1148,80,1
1064,1279,87,2
1065,1308,82,2
1066,509,48,1
1067,1436,9,2
1068,69,22,2
1069,1192,64,3
1070,152,66,2
1071,915,87,4
1072,237,43,2
1073,551,87,2
1074,1265,56,2
1075,270,83,1
1076,403,76,4
1077,1176,28,4
1078,796,60,3
1079,1158,49,4
1080,1241,79,2
1081,1274,82,2
1082,175,37,1
1083,82,53,3
1084,1474,27,4
1085,1299,36,2
1086,832,98,1
1087,372,72,1
1088,1144,62,3
1089,936,17,1
1090,530,27,4
1091,688,57,4
1092,641,24,4
1093,1267,97,2
1094,504,10,4
1095,946,55,3
1096,1015,96,1
1097,1121,94,3
1098,206,40,2
1099,349,87,4
1100,532,34,4
1101,491,56,4
1102,18,57,1
1103,1323,65,3
1104,1470,65,2
1105,500,44,3
1106,58,51,3
1107,1472,9,2
1108,824,87,2
1109,1140,19,2
1110,378,80,3
1111,125,90,1
1112,3,98,4
1113,83,49,3
1114,1086,57,3
1115,892,4,4
1116,219,97,2
1117,287,48,2
1118,380,85,1
1119,634,2,3
1120,1385,89,3
1121,737,27,3
1122,146,58,3
1123,1247,16,4
1124,145,17,4
1125,1436,3,4
1126,279,88,3
1127,434,9,4
1128,1395,5,1
1129,424,79,4
1130,1243,16,4
1131,1121,57,1
1132,235,83,3
1133,432,69,2
1134,24,44,3
1135,1212,43,1
1136,116,32,1
1137,1239,7,4
1138,321,1,3
1139,1458,15,3
1140,1440,39,1
1141,895,46,3
1142,456,76,1
1143,521,8,3
1144,91,92,3
1145,1315,4,2
1146,393,65,1
1147,667,49,4
1148,830,23,2
1149,501,74,1
1150,19,59,3
1151,1413,25,3
1152,128,52,1
1153,651,32,1
1154,617,97,4
1155,432,17,3
1156,1078,69,1
1157,721,45,1
1158,1005,70,3
1159,1251,79,2
1160,796,33,3
1161,606,34,2
1162,895,51,1
1163,465,27,4
1164,794,90,2
1165,1463,10,4
1166,792,78,3
1167,400,22,4
1168,324,2,1
1169,1180,71,1
1170,1221,24,3
1171,470,37,4
1172,1098,85,1
1173,104,80,4
1174,193,53,4
1175,314,75,1
1176,457,29,3
1177,1211,38,1
1178,267,40,4
1179,1311,4,4
1180,542,90,4
1181,955,23,3
1182,856,41,3
1183,483,58,4
1184,853,8,2
1185,476,95,2
1186,287,74,4
1187,543,7,4
1188,554,86,3
1189,624,98,4
1190,426,89,4
1191,331,40,4
1192,46,3,3
1193,69,11,2
1194,540,5,3
1195,1022,80,3
1196,1335,36,2
1197,96,61,3
1198,1134,80,1
1199,497,28,1
1200,267,72,1
1201,886,48,1
1202,114,79,4
1203,799,73,3
1204,216,13,2
1205,662,49,3
1206,1244,62,1
1207,1204,33,2
1208,1385,21,3
1209,141,17,3
1210,152,18,2
1211,1180,7,4
1212,1129,65,2
1213,1228,39,3
1214,1027,66,2
1215,396,30,1
1216,1380,51,4
1217,140,37,4
1218,1084,2,2
1219,264,8,1
1220,1162,37,2
1221,740,43,1
1222,338,53,1
1223,1192,53,2
1224,539,98,1
1225,1172,65,2
1226,1339,33,2
1227,703,94,3
1228,1274,3,3
1229,97,11,4
1230,1295,6,3
1231,997,20,1
1232,78,62,1
1233,941,2,3
1234,607,44,3
1235,201,6,4
1236,959,33,2
1237,217,79,1
1238,522,76,1
1239,1157,51,2
1240,891,83,4
1241,147,3,3
1242,642,60,1
1243,933,32,4
1244,1445,68,4
1245,1106,67,4
1246,1323,38,2
1247,578,74,1
1248,791,33,3
1249,17,15,2
1250,831,36,4
1251,349,90,2
1252,701,17,3
1253,1221,49,1
1254,296,10,2
1255,43,67,1
1256,1154,13,1
1257,1358,53,2
1258,105,13,1
1259,20,88,4
1260,184,63,2
1261,79,31,2
1262,304,63,4
1263,1291,73,2
1264,834,95,1
1265,1463,82,1
1266,350,15,1
1267,95,66,4
1268,417,11,2
1269,729,64,4
1270,950,24,2
1271,482,50,1
1272,1224,75,1
1273,1009,88,2
1274,557,63,4
1275,783,2,3
1276,1051,17,2
1277,1353,19,1
1278,1374,60,1
1279,414,8,4
1280,105,1,1
1281,1195,81,4
1282,213,50,3
1283,483,64,3
1284,74,20,2
1285,553,7,2
1286,1113,5,4
1287,206,96,3
1288,281,3,3
1289,1189,35,2
1290,1296,39,1
1291,1320,92,2
1292,1372,22,3
1293,999,8,1
1294,1452,42,4
1295,232,54,3
1296,991,78,4
1297,1410,44,3
1298,951,7,2
1299,1371,89,1
1300,1373,91,1
1301,18,67,4
1302,1342,68,1
1303,1447,45,2
1304,228,86,3
1305,80,57,2
1306,367,72,1
1307,316,14,4
1308,263,83,1
1309,1439,76,4
1310,1148,9,2
1311,735,33,1
1312,764,13,1
1313,363,10,1
1314,860,24,2
1315,404,39,1
1316,1427,33,3
1317,157,21,4
1318,1144,39,4
1319,623,17,2
1320,940,58,2
1321,285,38,4
1322,714,15,4
1323,1307,55,1
1324,822,57,2
1325,404,17,1
1326,785,14,3
1327,341,16,3
1328,1398,14,3
1329,938,9,4
1330,384,33,1
1331,472,12,4
1332,256,64,2
1333,181,41,4
1334,537,66,3
1335,408,52,2
1336,44,59,2
1337,1126,21,2
1338,323,9,1
1339,1287,34,1
1340,1243,33,1
1341,372,76,2
1342,566,41,2
1343,1229,9,2
1344,835,19,3
1345,426,89,2
1346,679,34,3
1347,300,82,2
1348,688,54,4
1349,513,94,1
1350,395,91,1
1351,586,54,3
1352,1374,91,4
1353,1500,58,1
1354,832,27,4
1355,838,35,4
1356,437,8,3
1357,420,90,1
1358,794,47,2
1359,1358,49,4
1360,1358,79,2
1361,581,2,4
1362,1256,52,2
1363,937,83,1
1364,224,98,2
1365,143,9,4
1366,400,35,4
1367,71,71,3
1368,838,84,1
1369,296,50,3
1370,789,44,3
1371,530,41,1
1372,320,41,2
1373,671,6,4
1374,1249,4,1
1375,1245,70,3
1376,393,22,1
1377,188,19,1
1378,1025,13,1
1379,172,95,2
1380,1016,60,2
1381,380,17,3
1382,241,45,2
1383,573,59,4
1384,1471,56,1
1385,481,34,4
1386,479,7,2
1387,1164,34,4
1388,1052,30,2
1389,875,42,1
1390,709,49,2
1391,23,49,4
1392,422,96,4
1393,1016,9,1
1394,425,67,2
1395,578,95,1
1396,1365,77,3
1397,1397,28,2
1398,621,62,4
1399,404,23,1
1400,574,77,3
1401,699,30,2
1402,1248,81,2
1403,787,28,1
1404,201,80,4
1405,847,68,3
1406,105,73,2
1407,861,21,2
1408,562,10,4
1409,840,5,1
1410,507,79,4
1411,1459,35,2
1412,937,87,1
1413,1162,38,1
1414,1058,30,2
1415,229,69,4
1416,1156,30,1
1417,981,16,1
1418,894,67,2
1419,438,88,4
1420,1003,4,3
1421,1260,2,1
1422,158,58,2
1423,1394,80,4
1424,1134,9,4
1425,755,13,2
1426,290,16,4
1427,1500,59,4
1428,482,64,3
1429,473,53,2
1430,227,75,3
1431,1035,92,3
1432,902,6,1
1433,561,21,4
1434,193,56,2
1435,845,19,2
1436,174,20,2
1437,1226,48,2
1438,177,3,1
1439,687,54,3
1440,310,72,1
1441,3,7,1
1442,648,54,3
1443,585,71,3
1444,484,49,1
1445,837,45,4
1446,1444,64,3
1447,491,63,4
1448,104,35,4
1449,1161,24,2
1450,1205,17,1
1451,1381,73,1
1452,768,74,4
1453,1159,45,1
1454,417,86,1
1455,560,12,1
1456,1027,93,1
1457,1003,62,1
1458,1186,14,1
1459,630,92,2
1460,1255,71,1
1461,515,94,3
1462,654,46,2
1463,440,34,3
1464,1102,78,2
1465,1494,94,1
1466,103,9,3
1467,1043,26,4
1468,1060,81,2
1469,127,19,4
1470,629,49,4
1471,964,36,3
1472,1158,66,4
1473,1454,60,2
1474,196,33,2
1475,1428,15,3
1476,1265,68,3
1477,387,90,1
1478,1278,40,3
1479,1070,93,3
1480,1138,89,1
1481,406,20,1
1482,1421,12,4
1483,667,33,2
1484,324,32,2
1485,1405,5,2
1486,870,11,2
1487,1318,67,3
1488,695,32,2
1489,1051,95,4
1490,73,20,3
1491,1388,26,1
1492,1054,36,2
1493,227,74,1
1494,777,80,3
1495,28,75,1
1496,931,37,4
1497,1217,8,1
1498,1297,16,1
1499,354,35,3
1500,1269,76,4
1501,724,67,4
1502,509,79,2
1503,877,80,4
1504,205,53,4
1505,870,54,1
1506,981,17,1
1507,1157,83,4
1508,83,52,3
1509,1079,51,4
1510,1008,57,1
1511,214,91,2
1512,1457,35,2
1513,510,88,3
1514,1014,92,4
1515,13,60,3
1516,741,60,4
1517,439,86,4
1518,201,36,4
1519,57,88,2
1520,902,35,2
1521,775,29,4
1522,1453,88,1
1523,599,56,2
1524,614,26,3
1525,717,97,1
1526,1250,43,3
1527,305,40,3
1528,1362,55,3
1529,685,63,2
1530,44,2,3
1531,1098,73,3
1532,679,86,3
1533,280,45,4
1534,575,71,3
1535,585,58,4
1536,397,11,4
1537,1038,26,4
1538,144,81,1
1539,963,7,4
1540,3,4,4
1541,932,38,4
1542,676,8,3
1543,474,18,4
1544,1054,37,3
1545,1417,92,4
1546,1403,83,4
1547,1087,45,3
1548,1033,71,3
1549,1169,35,1
1550,276,32,4
1551,1139,26,4
1552,175,52,3
1553,745,9,4
1554,345,83,2
1555,1310,48,1
1556,286,70,3
1557,388,76,4
1558,509,55,1
1559,411,58,2
1560,824,63,3
1561,1002,90,1
1562,1246,43,1
1563,223,98,3
1564,990,16,3
1565,520,10,3
1566,1066,3,1
1567,117,37,1
1568,122,17,4
1569,104,78,2
1570,961,59,2
1571,979,68,3
1572,1312,4,1
1573,392,94,3
1574,432,74,2
1575,586,57,2
1576,1023,15,3
1577,1128,74,3
1578,349,84,4
1579,211,64,2
1580,1151,74,3
1581,1058,10,2
1582,556,24,1
1583,488,53,2
1584,1417,18,3
1585,1220,52,1
1586,573,90,1
1587,73,23,4
1588,1373,94,3
1589,1449,68,2
1590,1032,16,2
1591,491,92,4
1592,84,39,4
1593,783,1,2
1594,179,69,2
1595,22,75,3
1596,685,5,1
1597,406,79,1
1598,1242,42,3
1599,707,75,3
1600,62,54,2
1601,700,1,3
1602,1453,72,4
1603,31,73,1
1604,316,18,2
1605,314,60,3
1606,417,51,2
1607,1299,5,3
1608,1073,21,4
1609,1026,84,4
1610,960,37,2
1611,118,27,3
1612,1349,51,3
1613,708,48,2
1614,1304,70,4
1615,217,91,2
1616,1250,4,4
1617,531,10,2
1618,611,25,3
1619,749,80,4
1620,655,6,4
1621,1121,82,2
1622,503,95,2
1623,1405,82,4
1624,131,27,2
1625,230,27,1
1626,1132,35,2
1627,821,97,2
1628,1002,33,2
1629,1456,25,4
1630,1247,68,4
1631,797,71,4
1632,71,62,4
1633,1428,74,1
1634,296,95,3
1635,1249,70,4
1636,898,90,2
1637,957,18,4
1638,362,18,1
1639,539,35,1
1640,657,62,4
1641,319,61,1
1642,396,51,2
1643,253,45,4
1644,1054,15,1
1645,831,75,4
1646,679,29,4
1647,769,98,2
1648,1108,72,3
1649,598,14,1
1650,1356,24,2
1651,431,54,4
1652,730,71,1
1653,1372,50,4
1654,483,78,2
1655,1487,98,2
1656,1257,59,3
1657,515,49,4
1658,3,47,2
1659,221,23,3
1660,1393,37,2
1661,1447,50,3
1662,267,88,2
1663,252,17,4
1664,1440,29,1
1665,608,87,1
1666,1215,86,4
1667,553,91,1
1668,964,77,4
1669,789,10,4
1670,1384,3,1
1671,1405,49,3
1672,957,67,2
1673,457,93,4
1674,297,66,4
1675,1101,52,3
1676,372,45,3
1677,1153,87,2
1678,700,13,3
1679,1377,34,4
1680,1168,2,4
1681,828,5,1
1682,1294,74,3
1683,652,94,1
1684,1336,58,4
1685,586,14,4
1686,1043,23,4
1687,861,5,4
1688,879,79,2
1689,529,38,3
1690,496,72,2
1691,131,79,3
1692,849,76,3
1693,1346,4,3
1694,762,9,1
1695,1418,72,2
1696,200,81,2
1697,72,98,4
1698,1122,49,2
1699,198,41,2
1700,718,85,1
1701,418,13,4
1702,423,5,3
1703,103,31,4
1704,1236,25,3
1705,328,46,4
1706,112,14,4
1707,121,23,3
1708,952,12,3
1709,1145,31,2
1710,334,46,2
1711,1197,79,1
1712,1440,98,3
1713,1016,6,2
1714,1039,97,4
1715,23,97,3
1716,1304,19,2
1717,831,89,3
1718,1483,91,4
1719,37,35,4
1720,791,36,4
1721,1094,79,4
1722,643,26,1
1723,18,17,3
1724,305,4,4
1725,999,72,3
1726,733,6,2
1727,376,33,4
1728,259,62,2
1729,1221,56,1
1730,154,16,3
1731,480,31,2
1732,429,37,1
1733,1088,82,2
1734,370,70,3
1735,536,26,1
1736,465,30,1
1737,515,57,3
1738,1126,40,2
1739,1442,32,2
1740,1071,71,1
1741,244,36,3
1742,470,66,4
1743,1186,18,2
1744,113,75,2
1745,412,20,3
1746,408,95,4
1747,1452,29,2
1748,672,58,1
1749,268,41,4
1750,1352,37,1
1751,321,44,4
1752,1376,82,3
1753,282,63,4
1754,1174,54,3
1755,678,76,4
1756,182,54,4
1757,667,33,3
1758,1444,61,4
1759,730,37,3
1760,558,84,4
1761,1360,52,3
1762,877,73,2
1763,1101,40,1
1764,718,46,2
1765,385,58,3
1766,1000,16,2
1767,29,80,2
1768,715,70,1
1769,296,87,4
1770,464,1,1
1771,1460,26,4
1772,242,13,2
1773,9,60,1
1774,1009,20,1
1775,1318,76,2
1776,213,1,2
1777,1231,77,4
1778,1295,65,1
1779,999,37,3
1780,554,54,4
1781,570,38,1
1782,433,96,2
1783,1244,81,2
1784,1041,64,4
1785,1111,31,3
1786,174,98,3
1787,944,86,4
1788,615,15,2
1789,964,84,1
1790,1425,37,4
1791,1262,7,4
1792,58,73,3
1793,725,8,4
1794,1135,68,2
1795,975,76,2
1796,1151,63,4
1797,951,60,2
1798,1441,46,1
1799,1151,59,3
1800,712,6,4
1801,784,66,2
1802,1220,34,1
1803,582,9,3
1804,764,45,1
1805,608,31,2
1806,604,61,1
1807,1429,31,4
1808,865,89,1
1809,489,11,2
1810,652,51,4
1811,28,11,3
1812,1493,17,2
1813,268,38,1
1814,315,95,2
1815,529,81,1
1816,1099,19,4
1817,116,50,1
1818,1211,70,2
1819,326,44,1
1820,755,29,1
1821,1488,25,4
1822,1418,59,2
1823,979,14,4
1824,1204,89,4
1825,560,23,2
1826,185,12,3
1827,262,88,1
1828,876,54,4
1829,1166,26,2
1830,1021,47,1
1831,806,6,4
1832,1110,28,1
1833,320,33,2
1834,226,98,2
1835,1334,16,3
1836,144,51,2
1837,756,12,2
1838,1364,43,4
1839,622,23,3
1840,546,55,4
1841,918,14,2
1842,160,86,1
1843,819,57,3
1844,1028,30,2
1845,825,51,1
1846,582,49,2
1847,332,65,4
1848,1234,33,3
1849,426,28,4
1850,352,79,2
1851,1225,80,2
1852,523,92,4
1853,1351,35,1
1854,943,71,2
1855,675,90,3
1856,141,73,4
1857,377,5,4
1858,203,1,1
1859,260,28,1
1860,974,47,2
1861,374,56,3
1862,1077,13,4
1863,567,31,2
1864,1307,5,1
1865,63,38,1
1866,1205,96,1
1867,115,1,2
1868,301,8,1
1869,943,14,3
1870,1292,82,1
1871,1058,44,1
1872,679,77,4
1873,42,42,3
1874,357,95,2
1875,709,84,2
1876,289,68,3
1877,1323,7,3
1878,397,70,3
1879,1230,32,1
1880,250,65,4
1881,179,96,3
1882,430,81,1
1883,1057,57,3
1884,719,63,3
1885,369,97,1
1886,856,48,4
1887,1380,75,2
1888,638,85,3
1889,1496,92,2
1890,1097,61,4
1891,818,88,3
1892,469,76,2
1893,506,91,4
1894,1368,24,3
1895,798,97,4
1896,226,85,3
1897,328,76,1
1898,1284,2,2
1899,916,35,2
1900,187,69,3
1901,260,56,1
1902,1451,60,3
1903,1384,27,2
1904,987,6,2
1905,56,9,3
1906,955,22,1
1907,503,75,4
1908,446,87,1
1909,752,48,3
1910,668,82,4
1911,80,87,4
1912,1234,63,2
1913,40,37,1
1914,117,80,3
1915,372,10,4
1916,990,74,3
1917,446,4,2
1918,1454,57,4
1919,1331,40,3
1920,651,37,4
1921,528,94,2
1922,1323,97,3
1923,641,29,2
1924,871,18,1
1925,91,69,1
1926,487,45,4
1927,922,8,1
1928,1472,96,3
1929,853,44,3
1930,1325,80,4
1931,497,49,1
1932,876,1,4
1933,1172,1,2
1934,573,10,3
1935,163,15,1
1936,1084,33,4
1937,175,26,2
1938,1178,35,1
1939,561,49,2
1940,537,28,2
1941,1224,91,1
1942,861,56,3
1943,319,10,3
1944,517,97,4
1945,944,92,4
1946,935,55,1
1947,61,57,3
1948,852,30,1
1949,1284,91,1
1950,1258,66,3
1951,338,15,3
1952,736,33,4
1953,232,91,2
1954,764,46,4
1955,945,82,4
1956,1121,22,3
1957,282,58,2
1958,422,6,2
1959,634,47,2
1960,206,79,3
1961,192,63,3
1962,825,11,2
1963,1087,1,1
1964,1224,70,4
1965,450,61,1
1966,1231,15,1
1967,1115,21,1
1968,231,88,3
1969,924,9,1
1970,1222,47,1
1971,571,66,2
1972,1134,31,4
1973,1279,56,3
1974,271,88,4
1975,665,90,3
1976,1101,97,1
1977,368,8,1
1978,1144,9,3
1979,511,72,3
1980,89,31,2
1981,141,55,2
1982,459,33,1
1983,40,58,1
1984,180,25,4
1985,961,68,3
1986,1093,86,4
1987,1176,73,1
1988,808,78,2
1989,1376,51,4
1990,812,29,1
1991,1425,42,3
1992,120,40,3
1993,473,94,3
1994,7,86,3
1995,261,96,2
1996,1439,71,2
1997,678,40,4
1998,979,85,1
1999,1094,83,4
2000,123,29,2
2001,312,82,1
2002,640,61,2
2003,1440,69,1
2004,1305,91,3
2005,1252,60,4
2006,1003,89,2
2007,1341,35,3
2008,1149,85,3
2009,819,44,3
2010,646,58,3
2011,229,59,2
2012,1349,71,4
2013,1162,78,4
2014,1306,89,2
2015,787,94,4
2016,737,51,4
2017,332,34,2
2018,393,36,3
2019,164,58,3
2020,1329,39,1
2021,645,48,1
2022,698,19,1
2023,1484,97,1
2024,1314,49,4
2025,733,92,4
2026,757,91,1
2027,468,23,4
2028,1213,37,4
2029,671,48,4
2030,1102,94,2
2031,1103,47,4
2032,457,22,4
2033,927,22,2
2034,914,11,2
2035,1357,37,3
2036,399,37,3
2037,786,94,1
2038,539,7,1
2039,1036,54,3
2040,1355,46,3
2041,134,53,1
2042,1127,19,1
2043,334,34,1
2044,297,68,2
2045,142,11,1
2046,541,75,4
2047,844,95,3
2048,548,6,1
2049,1179,28,4
2050,1060,33,2
2051,531,88,1
2052,431,78,1
2053,1331,75,1
2054,1062,88,2
2055,1383,68,3
2056,1459,9,2
2057,1123,65,2
2058,441,10,4
2059,950,57,2
2060,548,7,3
2061,1030,66,1
2062,1196,63,3
2063,681,50,4
2064,1403,39,2
2065,44,82,4
2066,750,20,3
2067,26,94,2
2068,779,57,3
2069,1216,77,3
2070,1006,68,3
2071,390,36,3
2072,27,30,2
2073,709,80,3
2074,1050,91,1
2075,332,75,2
2076,720,2,3
2077,29,48,2
2078,100,67,2
2079,422,16,3
2080,128,63,4
2081,355,33,1
2082,577,67,4
2083,1476,63,3
2084,550,39,2
2085,1488,53,4
2086,30,29,1
2087,1264,78,3
2088,192,39,2
2089,972,76,3
2090,99,48,2
2091,157,72,3
2092,525,74,1
2093,712,2,3
2094,1034,32,3
2095,965,91,2
2096,386,5,3
2097,861,34,3
2098,218,86,2
2099,130,57,1
2100,637,80,1
2101,1232,16,2
2102,1025,53,4
2103,659,62,2
2104,324,3,1
2105,354,43,4
2106,1111,69,3
2107,1293,53,3
2108,759,44,2
2109,1461,67,3
2110,1093,95,2
2111,688,71,1
2112,631,91,1
2113,756,81,3
2114,1309,44,3
2115,1139,73,4
2116,1049,31,3
2117,715,8,2
2118,743,8,4
2119,383,8,2
2120,1424,6,4
2121,644,12,1
2122,1236,27,3
2123,852,28,4
2124,961,35,1
2125,924,49,3
2126,860,80,3
2127,282,91,1
2128,1460,64,1
2129,361,22,3
2130,1109,31,1
2131,1058,33,4
2132,890,48,3
2133,545,72,2
2134,561,52,1
2135,21,18,2
2136,443,40,3
2137,463,81,1
2138,1215,48,1
2139,1395,95,1
2140,1462,75,3
2141,561,13,2
2142,461,3,1
2143,799,56,2
2144,522,93,4
2145,698,27,4
2146,1402,29,4
2147,685,64,3
2148,414,39,1
2149,813,12,3
2150,1239,44,3
2151,904,9,1
2152,1026,96,3
2153,782,2,2
2154,950,23,2
2155,648,28,1
2156,523,74,1
2157,76,92,1
2158,500,13,2
2159,552,26,3
2160,732,14,1
2161,748,62,4
2162,102,87,4
2163,471,75,1
2164,733,21,2
2165,591,59,1
2166,302,10,4
2167,70,3,1
2168,245,32,1
2169,35,54,1
2170,22,21,3
2171,910,88,4
2172,831,53,2
2173,1272,90,3
2174,1275,11,4
2175,1329,39,2
2176,289,7,2
2177,1187,3,2
2178,1192,1,3
2179,918,7,3
2180,1025,8,2
2181,893,69,4
2182,269,92,1
2183,311,4,1
2184,1308,43,3
2185,1219,8,1
2186,1460,5,1
2187,541,9,4
2188,782,11,4
2189,379,45,3
2190,391,34,3
2191,1114,79,1
2192,403,41,2
2193,1334,24,4
2194,770,86,4
2195,1353,48,3
2196,1118,64,3
2197,1092,11,4
2198,1251,55,3
2199,972,15,3
2200,1191,50,4
2201,476,56,4
2202,124,91,2
2203,1326,86,3
2204,4,97,2
2205,636,53,2
2206,245,3,1
2207,1041,97,3
2208,340,96,2
2209,333,60,2
2210,453,94,2
2211,637,27,4
2212,1444,61,3
2213,1222,43,4
2214,1058,83,1
2215,1176,97,2
2216,4,47,3
2217,851,41,2
2218,545,54,1
2219,1159,77,3
2220,650,14,3
2221,225,91,3
2222,783,71,4
2223,593,14,4
2224,307,1,2
2225,997,87,2
2226,360,11,3
2227,861,61,1
2228,223,59,4
2229,551,48,2
2230,316,25,4
2231,382,4,4
2232,804,16,2
2233,4,13,2
2234,660,76,1
2235,132,89,4
2236,1104,47,2
2237,242,72,2
2238,93,93,1
2239,1320,66,2
2240,512,9,3
2241,1098,38,2
2242,924,69,4
2243,942,79,4
2244,1438,36,1
2245,1139,20,2
2246,520,79,1
2247,597,72,4
2248,309,91,1
2249,26,9,1
2250,568,52,1
2251,354,58,4
2252,1074,8,1
2253,1290,53,2
2254,287,63,4
2255,98,94,1
2256,1438,89,1
2257,1275,76,4
2258,567,86,1
2259,1179,67,3
2260,158,79,4
2261,575,35,1
2262,933,71,4
2263,841,42,4
2264,729,29,3
2265,431,17,4
2266,575,32,4
2267,914,16,4
2268,1237,21,1
2269,884,9,3
2270,595,76,4
2271,1099,6,3
2272,1281,88,2
2273,745,3,1
2274,1396,7,1
2275,79,59,1
2276,940,24,1
2277,737,87,4
2278,1364,39,3
2279,84,17,1
2280,774,75,4
2281,195,40,1
2282,7,30,1
2283,1330,97,3
2284,589,55,1
2285,1405,42,4
2286,930,4,2
2287,1343,75,4
2288,1206,66,3
2289,781,67,2
2290,1381,41,4
2291,1182,54,2
2292,1043,17,2
2293,881,18,1
2294,730,11,3
2295,301,53,2
2296,540,31,2
2297,480,90,3
2298,1371,33,1
2299,255,10,4
2300,764,16,1
2301,388,11,2
2302,390,5,1
2303,1318,8,3
2304,418,89,4
2305,869,22,1
2306,1101,64,2
2307,171,21,2
2308,428,90,1
2309,1079,53,3
2310,1056,89,2
2311,1456,61,1
2312,1490,17,2
2313,93,79,2
2314,338,59,4
2315,520,29,3
2316,13,27,1
2317,934,41,1
2318,367,95,4
2319,834,13,2
2320,1196,91,1
2321,23,12,2
2322,1232,22,3
2323,1140,62,2
2324,394,58,4
2325,193,68,4
2326,507,47,3
2327,1271,91,4
2328,1046,74,2
2329,475,84,4
2330,1211,64,2
2331,1207,27,3
2332,502,94,4
2333,978,18,1
2334,1191,47,3
2335,811,66,1
2336,911,41,1
2337,942,18,2
2338,856,85,2
2339,723,3,1
2340,1076,87,1
2341,1099,88,3
2342,254,65,1
2343,926,90,1
2344,510,42,1
2345,561,36,3
2346,33,8,2
2347,721,34,3
2348,280,41,4
2349,829,18,2
2350,1249,54,3
2351,1123,7,2
2352,182,9,2
2353,357,26,4
2354,1006,58,1
2355,780,7,1
2356,652,31,2
2357,1208,59,4
2358,927,12,3
2359,1250,45,2
2360,450,88,2
2361,759,76,3
2362,1457,24,4
2363,1483,26,2
2364,1069,77,2
2365,418,50,3
2366,134,97,1
2367,843,83,2
2368,1234,92,2
2369,1393,30,2
2370,1231,96,3
2371,1156,68,4
2372,1280,17,4
2373,1295,89,1
2374,507,14,2
2375,942,97,3
2376,1362,18,3
2377,1098,93,1
2378,1064,75,3
2379,1106,58,2
2380,789,92,1
2381,1179,79,2
2382,1197,92,2
2383,948,55,4
2384,152,78,4
2385,784,5,2
2386,1153,7,1
2387,298,55,4
2388,1405,44,4
2389,382,81,2
2390,1159,98,3
2391,186,76,1
2392,1458,20,4
2393,1117,66,1
2394,1068,9,3
2395,1392,59,1
2396,1390,67,2
2397,498,14,1
2398,1101,72,2
2399,460,90,3
2400,1056,42,4
2401,88,60,1
2402,487,53,1
2403,1426,67,1
2404,710,31,3
2405,765,72,2
2406,148,18,1
2407,1018,51,2
2408,1319,58,3
2409,630,8,3
2410,999,38,4
2411,1205,89,3
2412,986,12,3
2413,524,97,3
2414,1313,79,1
2415,703,87,4
2416,355,51,4
2417,29,10,1
2418,208,47,3
2419,334,96,3
2420,1068,70,1
2421,584,30,2
2422,310,51,1
2423,749,82,3
2424,75,9,2
2425,537,72,1
2426,100,34,4
2427,1106,13,3
2428,355,66,3
2429,147,42,4
2430,390,94,1
2431,364,9,4
2432,111,51,2
2433,1041,83,4
2434,331,81,1
2435,357,49,4
2436,983,5,2
2437,1337,35,4
2438,751,49,1
2439,717,17,1
2440,331,32,2
2441,1005,25,4
2442,60,54,3
2443,766,42,2
2444,1398,72,1
2445,1448,87,4
2446,1106,51,2
2447,402,12,1
2448,1165,97,1
2449,1095,42,3
2450,101,35,1
2451,234,84,2
2452,1452,25,4
2453,614,80,3
2454,5,95,2
2455,614,68,1
2456,1315,2,3
2457,981,66,4
2458,1117,82,1
2459,446,98,2
2460,684,66,2
2461,1358,62,3
2462,866,2,1
2463,1102,95,3
2464,884,72,4
2465,879,25,3
2466,297,64,1
2467,1392,65,2
2468,457,65,2
2469,1251,59,2
2470,958,33,3
2471,390,36,3
2472,465,87,1
2473,6,63,3
2474,920,59,4
2475,107,84,1
2476,483,14,2
2477,1430,67,3
2478,853,20,1
2479,24,16,3
2480,1292,48,3
2481,741,8,4
2482,1358,98,1
2483,189,49,4
2484,975,65,2
2485,25,22,1
2486,386,74,3
2487,197,49,4
2488,150,88,2
2489,1175,3,1
2490,973,10,2
2491,620,96,1
2492,1352,6,4
2493,1308,86,3
2494,1087,8,2
2495,815,96,1
2496,1055,29,3
2497,975,92,1
2498,1241,25,3
2499,1260,31,2
2500,1386,42,3
2501,573,46,4
2502,569,98,1
2503,962,87,2
2504,276,32,4
2505,782,45,2
2506,894,59,1
2507,1102,2,2
2508,1329,38,3
2509,205,25,2
2510,1020,38,2
2511,315,34,3
2512,1008,53,2
2513,212,97,1
2514,399,21,2
2515,302,80,1
2516,534,19,4
2517,626,98,1
2518,946,51,2
2519,1430,76,1
2520,1476,40,1
2521,758,12,3
2522,162,92,1
2523,793,26,1
2524,442,78,4
2525,634,60,3
2526,10,63,2
2527,317,86,4
2528,952,42,2
2529,520,40,4
2530,1280,19,4
2531,694,44,1
2532,191,81,2
2533,248,74,1
2534,336,16,1
2535,371,23,4
2536,630,63,4
2537,838,74,2
2538,53,88,1
2539,202,79,3
2540,746,62,4
2541,1244,94,2
2542,868,55,1
2543,456,30,1
2544,1423,8,1
2545,254,30,2
2546,1172,16,1
2547,330,61,3
2548,1439,73,4
2549,175,90,4
2550,493,45,1
2551,804,51,2
2552,372,6,4
2553,981,3,1
2554,835,59,4
2555,601,75,1
2556,720,37,1
2557,1120,53,2
2558,1466,90,4
2559,743,90,4
2560,1276,10,2
2561,682,16,3
2562,988,81,1
2563,607,21,3
2564,506,8,1
2565,1394,31,1
2566,512,95,1
2567,882,16,2
2568,527,8,1
2569,1125,24,2
2570,1118,32,1
2571,1191,61,3
2572,822,53,1
2573,104,54,2
2574,1075,49,3
2575,1186,4,3
2576,947,44,4
2577,1243,56,4
2578,657,4,3
2579,491,18,4
2580,1412,52,1
2581,352,18,2
2582,141,23,1
2583,144,4,1
2584,365,15,1
2585,641,91,2
2586,1159,8,3
2587,925,42,2
2588,700,28,3
2589,1220,25,2
2590,729,79,2
2591,120,79,1
2592,374,47,2
2593,1240,32,4
2594,821,4,1
2595,584,49,3
2596,1394,7,1
2597,869,12,3
2598,206,12,4
2599,311,26,3
2600,961,30,3
2601,1068,49,3
2602,651,74,3
2603,158,35,2
2604,560,12,1
2605,789,38,4
2606,107,37,4
2607,618,19,3
2608,673,94,1
2609,189,92,4
2610,956,53,2
2611,387,22,4
2612,1154,53,1
2613,635,61,1
2614,558,80,4
2615,742,42,1
2616,885,56,1
2617,204,28,4
2618,162,39,4
2619,1040,93,3
2620,374,95,1
2621,697,48,4
2622,292,48,4
2623,395,19,2
2624,1252,71,1
2625,1278,92,1
2626,1396,81,1
2627,1240,22,1
2628,384,85,1
2629,59,52,1
2630,196,43,1
2631,811,51,2
2632,725,35,2
2633,290,41,1
2634,544,93,2
2635,1118,26,1
2636,1423,92,4
2637,489,59,3
2638,946,79,2
2639,476,21,4
2640,704,8,4
2641,953,75,2
2642,1290,69,2
2643,309,31,1
2644,1243,76,1
2645,76,70,4
2646,260,17,3
2647,1239,13,1
2648,371,67,3
2649,669,23,2
2650,1165,75,1
2651,795,29,1
2652,795,98,4
2653,276,28,2
2654,1221,13,4
2655,948,43,2
2656,298,53,4
2657,782,75,3
2658,1350,25,2
2659,307,89,1
2660,790,66,2
2661,1019,28,2
2662,957,57,3
2663,716,33,4
2664,363,27,3
2665,1470,90,2
2666,570,14,4
2667,1103,91,2
2668,1085,35,3
2669,690,76,2
2670,1195,60,2
2671,335,6,3
2672,523,90,1
2673,699,42,1
2674,1428,95,1
2675,390,94,1
2676,741,14,4
2677,583,63,4
2678,1020,84,3
2679,1101,91,4
2680,1380,26,1
2681,1459,70,3
2682,1265,46,1
2683,1256,50,3
2684,146,1,3
2685,407,12,4
2686,919,18,4
2687,812,57,1
2688,1052,38,4
2689,1070,77,2
2690,971,2,4
2691,1369,47,2
2692,1398,91,4
2693,349,86,1
2694,623,35,3
2695,987,43,3
2696,249,6,2
2697,1011,23,1
2698,1363,59,4
2699,207,80,1
2700,1273,46,2
2701,1016,73,3
2702,1254,59,3
2703,871,2,2
2704,912,72,2
2705,1422,42,4
2706,792,92,1
2707,598,56,1
2708,937,27,3
2709,418,60,3
2710,289,56,3
2711,1234,70,3
2712,1085,43,4
2713,359,96,1
2714,97,7,4
2715,263,65,4
2716,1048,73,1
2717,237,86,2
2718,897,89,2
2719,791,41,2
2720,1375,77,4
2721,993,79,4
2722,855,28,3
2723,1345,1,2
2724,304,75,3
2725,658,92,2
2726,1481,22,4
2727,1446,4,4
2728,568,62,1
2729,122,26,3
2730,904,12,2
2731,532,14,3
2732,7,68,1
2733,1111,59,1
2734,881,51,3
2735,795,46,4
2736,1198,44,4
2737,967,80,4
2738,1130,70,1
2739,167,54,4
2740,238,4,3
2741,1408,96,3
2742,895,41,2
2743,128,25,2
2744,102,27,2
2745,143,75,3
2746,409,10,1
2747,1358,29,2
2748,158,66,2
2749,718,97,4
2750,271,93,3
2751,765,20,3
2752,1323,85,1
2753,1003,91,1
2754,312,20,3
2755,991,10,4
2756,1236,29,3
2757,825,79,3
2758,592,70,1
2759,1490,85,2
2760,627,84,1
2761,765,2,4
2762,445,54,4
2763,428,76,4
2764,235,26,1
2765,564,11,1
2766,74,8,2
2767,469,77,3
2768,898,52,2
2769,338,64,3
2770,854,63,4
2771,293,31,4
2772,1040,51,4
2773,1008,10,3
2774,1221,13,3
2775,874,27,2
2776,391,47,4
2777,604,8,3
2778,634,10,1
2779,158,2,1
2780,1122,76,4
2781,453,33,2
2782,1118,36,3
2783,121,48,4
2784,521,14,4
2785,1483,46,3
2786,489,33,2
2787,1402,4,4
2788,497,8,2
2789,261,7,3
2790,284,90,1
2791,1443,82,4
2792,939,27,4
2793,869,20,2
2794,525,29,2
2795,164,7,4
2796,715,61,2
2797,1228,84,1
2798,889,19,1
2799,929,85,2
2800,224,22,1
2801,641,17,2
2802,390,83,1
2803,516,40,1
2804,479,69,1
2805,1182,82,2
2806,78,70,2
2807,384,86,2
2808,930,21,4
2809,706,56,1
2810,1262,75,1
2811,812,11,4
2812,1038,97,2
2813,800,64,2
2814,304,12,2
2815,1148,67,1
2816,496,30,2
2817,677,30,4
2818,1128,51,2
2819,1392,43,2
2820,338,78,4
2821,514,96,2
2822,757,87,4
2823,688,63,1
2824,343,88,1
2825,1273,46,2
2826,818,23,3
2827,1153,90,4
2828,1026,89,4
2829,180,63,1
2830,398,7,2
2831,578,16,4
2832,1469,91,3
2833,1248,82,4
2834,1298,3,4
2835,1460,96,4
2836,1119,90,4
2837,33,91,2
2838,720,1,1
2839,339,87,4
2840,77,42,1
2841,1236,30,4
2842,894,10,3
2843,37,91,1
2844,5,52,1
2845,241,21,1
2846,69,97,2
2847,815,62,1
2848,1087,21,2
2849,245,51,3
2850,789,82,1
2851,851,13,3
2852,162,29,2
2853,377,4,3
2854,845,86,4
2855,253,48,1
2856,398,95,3
2857,607,65,1
2858,192,46,3
2859,1220,97,2
2860,94,90,4
2861,890,71,2
2862,1319,80,4
2863,292,6,4
2864,855,43,4
2865,1118,36,2
2866,411,84,4
2867,1470,77,3
2868,819,56,4
2869,783,54,4
2870,1087,24,2
2871,1162,21,4
2872,1305,81,4
2873,233,81,3
2874,1367,59,4
2875,1156,73,1
2876,872,48,2
2877,590,23,4
2878,968,47,3
2879,782,9,3
2880,396,60,3
2881,1189,73,1
2882,1417,7,1
2883,21,65,2
2884,595,28,3
2885,508,46,3
2886,164,51,1
2887,457,96,3
2888,41,13,4
2889,53,45,4
2890,1246,82,4
2891,1328,75,2
2892,283,77,3
2893,761,52,4
2894,1195,53,2
2895,481,75,2
2896,1130,59,2
2897,1124,69,3
2898,703,61,4
2899,1044,48,1
2900,169,24,2
2901,648,33,1
2902,101,87,4
2903,1453,80,4
2904,1079,87,4
2905,1349,76,4
2906,520,6,2
2907,14,49,4
2908,1212,79,3
2909,1070,42,3
2910,353,83,3
2911,1141,90,4
2912,379,51,2
2913,334,44,3
2914,894,91,2
2915,913,4,4
2916,1008,55,2
2917,897,74,2
2918,1300,71,1
2919,864,31,1
2920,134,7,3
2921,702,30,1
2922,1119,59,3
2923,1239,6,4
2924,856,76,3
2925,733,31,2
2926,933,28,1
2927,32,39,4
2928,611,18,4
2929,625,97,4
2930,848,76,1
2931,1149,37,4
2932,469,23,4
2933,996,7,4
2934,1310,29,1
2935,650,52,2
2936,169,88,4
2937,1233,14,4
2938,1354,22,1
2939,1136,92,3
2940,841,17,1
2941,937,66,4
2942,836,68,1
2943,365,75,4
2944,435,27,1
2945,215,49,3
2946,519,27,4
2947,1404,78,1
2948,1333,67,4
2949,58,79,1
2950,391,31,1
2951,294,88,1
2952,643,65,1
2953,1390,59,2
2954,494,65,4
2955,169,17,4
2956,1183,26,3
2957,681,42,3
2958,1329,23,1
2959,1364,77,1
2960,234,88,2
2961,1265,45,1
2962,809,39,3
2963,626,40,3
2964,905,26,4
2965,1142,38,2
2966,508,70,3
2967,1087,85,4
2968,174,50,3
2969,1207,67,1
2970,674,91,4
2971,696,44,3
2972,912,17,4
2973,1219,68,4
2974,250,41,4
2975,1082,43,4
2976,1362,94,4
2977,117,3,2
2978,1243,53,4
2979,1335,55,4
2980,166,27,1
2981,1393,59,3
2982,84,98,2
2983,281,15,4
2984,149,19,1
2985,556,95,1
2986,743,98,2
2987,1441,70,1
2988,757,74,1
2989,1160,71,3
2990,404,76,1
2991,1369,78,1
2992,1257,65,1
2993,170,79,3
2994,1076,6,2
2995,1208,25,1
2996,1009,33,2
2997,199,77,2
2998,1349,60,4
2999,1335,94,2
3000,801,35,4
