OrderID,CustomerID,OrderDate
1,135,2024-10-25
2,616,2025-03-22
3,540,2024-11-06
4,790,2025-03-25
5,509,2024-10-01
6,478,2024-05-19
7,153,2025-03-11
8,670,2025-01-06
9,336,2025-02-22
10,711,2024-04-04
11,110,2024-12-05
12,42,2024-09-25
13,848,2025-01-23
14,607,2025-02-16
15,543,2024-06-26
16,158,2024-11-02
17,35,2025-03-02
18,503,2025-01-03
19,752,2025-02-23
20,221,2024-06-04
21,30,2024-10-05
22,99,2025-02-03
23,37,2024-10-02
24,509,2024-09-30
25,665,2024-09-25
26,742,2025-03-24
27,15,2025-01-16
28,195,2025-01-19
29,57,2024-05-16
30,293,2024-05-17
31,760,2025-03-08
32,862,2025-01-21
33,433,2024-10-12
34,240,2024-07-23
35,285,2024-05-25
36,56,2024-08-02
37,788,2024-05-20
38,709,2024-12-26
39,905,2025-01-10
40,233,2024-10-04
41,173,2024-12-10
42,803,2024-10-13
43,248,2025-03-24
44,268,2024-08-30
45,211,2024-06-17
46,68,2024-04-01
47,756,2025-01-29
48,786,2024-11-21
49,724,2024-04-24
50,223,2024-04-04
51,976,2024-09-19
52,810,2025-03-19
53,841,2024-05-03
54,651,2024-05-27
55,448,2024-04-29
56,657,2024-04-19
57,515,2025-02-16
58,805,2024-05-25
59,796,2025-01-04
60,408,2025-02-28
61,921,2024-07-18
62,784,2024-05-25
63,679,2024-06-15
64,667,2024-07-24
65,214,2024-12-19
66,651,2024-07-22
67,914,2024-10-07
68,27,2024-06-24
69,750,2025-03-12
70,464,2024-12-20
71,624,2024-04-21
72,463,2024-08-14
73,698,2025-01-12
74,389,2024-12-12
75,674,2024-10-05
76,192,2025-02-24
77,866,2025-02-14
78,280,2024-12-25
79,997,2024-12-14
80,661,2024-09-21
81,980,2024-09-30
82,265,2024-05-07
83,190,2025-01-20
84,313,2024-11-27
85,642,2025-02-18
86,571,2025-03-27
87,423,2025-01-30
88,439,2025-01-02
89,421,2025-03-17
90,57,2024-09-13
91,460,2025-03-29
92,750,2024-05-17
93,532,2024-12-20
94,310,2024-11-12
95,613,2024-11-13
96,580,2024-12-02
97,771,2024-10-02
98,717,2024-05-13
99,271,2024-08-25
100,401,2024-08-20
101,319,2025-01-01
102,14,2024-11-23
103,562,2024-09-16
104,822,2024-08-14
105,558,2025-01-25
106,382,2024-09-02
107,314,2024-09-04
108,887,2025-01-24
109,281,2024-09-24
110,177,2024-09-05
111,597,2024-07-24
112,278,2024-04-16
113,194,2024-11-22
114,89,2024-11-23
115,811,2025-01-06
116,526,2024-12-21
117,461,2024-08-25
118,992,2024-10-21
119,233,2025-02-26
120,856,2024-07-01
121,364,2024-06-15
122,580,2024-07-21
123,662,2025-01-28
124,720,2024-07-13
125,760,2024-04-07
126,715,2024-04-07
127,509,2024-11-25
128,250,2025-01-03
129,659,2024-08-21
130,115,2024-05-30
131,107,2024-06-02
132,788,2025-03-30
133,308,2025-02-15
134,964,2025-02-21
135,71,2024-07-19
136,76,2024-05-24
137,436,2024-12-18
138,444,2024-08-26
139,345,2024-12-21
140,549,2025-01-02
141,472,2024-08-20
142,467,2024-06-16
143,222,2025-01-29
144,542,2024-09-26
145,220,2024-11-29
146,668,2024-06-17
147,511,2024-12-26
148,428,2024-06-10
149,742,2024-05-20
150,617,2025-02-20
151,535,2024-05-05
152,176,2024-11-12
153,370,2024-04-30
154,75,2025-01-21
155,995,2024-07-10
156,748,2024-07-04
157,850,2024-11-29
158,857,2024-12-30
159,135,2024-04-06
160,497,2024-09-26
161,220,2024-04-09
162,701,2024-08-19
163,925,2024-12-26
164,541,2024-07-20
165,157,2024-10-03
166,751,2024-12-17
167,59,2024-07-04
168,709,2024-09-11
169,919,2024-04-20
170,623,2025-01-22
171,215,2024-05-15
172,468,2024-08-08
173,882,2024-10-09
174,688,2025-02-01
175,245,2024-12-05
176,399,2024-11-14
177,472,2024-05-15
178,160,2024-05-03
179,114,2025-03-19
180,803,2024-08-06
181,562,2024-04-15
182,443,2025-01-15
183,378,2024-12-29
184,581,2024-05-08
185,112,2024-04-18
186,572,2024-04-27
187,89,2024-09-02
188,553,2025-01-01
189,351,2025-02-16
190,217,2025-03-20
191,894,2024-05-29
192,206,2024-09-10
193,370,2024-04-04
194,899,2024-04-12
195,466,2024-10-13
196,331,2024-04-13
197,248,2024-05-23
198,792,2024-09-03
199,284,2024-08-14
200,850,2024-11-04
201,685,2024-11-09
202,54,2025-01-04
203,21,2024-06-21
204,392,2024-12-16
205,371,2024-07-11
206,45,2025-02-23
207,127,2024-09-30
208,339,2025-03-20
209,584,2024-08-09
210,259,2024-11-19
211,66,2024-09-24
212,286,2025-03-02
213,711,2024-11-03
214,365,2025-03-23
215,866,2025-02-26
216,474,2024-06-18
217,165,2024-06-25
218,154,2024-08-02
219,901,2024-07-22
220,849,2024-10-15
221,167,2024-10-12
222,160,2025-01-03
223,430,2024-06-20
224,119,2024-08-18
225,750,2024-10-09
226,600,2025-03-14
227,339,2024-05-05
228,262,2024-11-20
229,395,2024-06-12
230,741,2024-05-12
231,78,2024-07-20
232,534,2024-11-08
233,164,2024-09-04
234,606,2024-10-01
235,876,2024-11-08
236,274,2024-05-06
237,199,2025-02-12
238,384,2024-07-07
239,638,2024-08-28
240,989,2024-07-04
241,680,2025-03-15
242,196,2025-01-02
243,182,2024-10-14
244,130,2025-03-25
245,30,2024-09-08
246,643,2024-12-03
247,825,2024-08-29
248,577,2025-02-26
249,885,2024-07-20
250,465,2024-12-20
251,964,2025-02-18
252,712,2024-07-03
253,295,2025-02-10
254,124,2024-05-31
255,962,2024-04-09
256,976,2025-03-07
257,467,2024-06-20
258,494,2024-05-06
259,716,2025-04-01
260,169,2024-10-10
261,786,2024-12-26
262,915,2024-05-24
263,468,2025-02-12
264,7,2024-12-12
265,485,2024-09-06
266,847,2024-09-12
267,629,2024-08-20
268,885,2024-05-27
269,243,2025-01-28
270,22,2024-10-19
271,845,2024-05-26
272,370,2024-07-30
273,197,2024-08-31
274,147,2024-10-27
275,359,2024-08-08
276,899,2024-07-12
277,904,2025-02-28
278,344,2025-03-12
279,487,2024-11-17
280,309,2025-03-17
281,340,2024-06-04
282,744,2025-01-05
283,209,2024-10-11
284,39,2024-12-17
285,120,2024-05-20
286,392,2024-07-22
287,631,2024-04-02
288,71,2024-04-16
289,825,2025-02-09
290,889,2024-04-14
291,638,2024-12-24
292,323,2025-03-08
293,247,2025-01-11
294,913,2024-12-19
295,321,2024-12-12
296,840,2024-05-25
297,254,2024-04-09
298,601,2024-10-30
299,927,2024-08-30
300,359,2024-12-14
301,992,2024-04-20
302,991,2024-05-04
303,896,2024-07-28
304,697,2024-12-15
305,52,2025-01-15
306,65,2024-08-25
307,894,2025-02-01
308,19,2024-04-07
309,212,2024-08-03
310,907,2024-05-04
311,847,2024-11-15
312,66,2024-04-10
313,553,2024-11-04
314,237,2025-01-23
315,92,2024-08-10
316,249,2024-07-18
317,15,2024-06-20
318,140,2025-02-14
319,407,2024-05-26
320,323,2024-10-10
321,362,2025-03-07
322,558,2024-05-15
323,966,2024-09-03
324,340,2024-12-10
325,923,2024-06-18
326,954,2025-01-09
327,977,2024-04-23
328,578,2025-03-08
329,798,2024-12-07
330,767,2024-12-27
331,41,2025-01-07
332,216,2024-06-16
333,615,2024-07-01
334,728,2024-08-03
335,584,2025-03-15
336,756,2024-09-11
337,875,2025-02-23
338,670,2024-12-11
339,338,2025-03-20
340,491,2024-06-24
341,682,2024-08-27
342,797,2024-11-19
343,113,2025-01-02
344,875,2025-01-22
345,853,2025-02-18
346,450,2025-03-15
347,574,2024-06-17
348,113,2025-02-10
349,798,2024-04-05
350,568,2024-05-05
351,573,2025-03-19
352,764,2024-04-23
353,73,2024-04-23
354,721,2025-01-06
355,48,2024-04-15
356,636,2024-11-15
357,601,2024-04-21
358,491,2024-10-22
359,619,2025-02-13
360,976,2024-11-18
361,280,2024-11-15
362,732,2024-07-01
363,809,2024-04-26
364,792,2024-11-01
365,968,2024-09-20
366,816,2024-10-20
367,531,2024-05-15
368,966,2025-01-08
369,88,2024-04-02
370,941,2025-02-09
371,18,2025-04-01
372,4,2024-07-30
373,50,2025-02-26
374,280,2025-02-14
375,753,2024-10-24
376,206,2024-04-18
377,848,2024-06-07
378,553,2024-10-22
379,615,2024-12-06
380,227,2024-06-29
381,658,2024-08-09
382,932,2024-12-28
383,748,2024-07-18
384,314,2024-04-26
385,983,2024-08-09
386,218,2024-10-29
387,847,2025-03-09
388,619,2024-11-20
389,197,2025-01-19
390,109,2024-06-09
391,775,2024-11-29
392,27,2024-12-22
393,697,2024-04-20
394,639,2024-11-28
395,635,2025-01-13
396,256,2024-06-29
397,855,2024-04-20
398,579,2025-03-25
399,768,2024-07-11
400,229,2024-12-31
401,202,2024-06-25
402,914,2024-12-02
403,693,2024-09-20
404,352,2024-09-10
405,148,2024-09-12
406,729,2024-05-05
407,732,2024-07-04
408,617,2025-01-25
409,31,2024-09-10
410,185,2024-08-31
411,918,2024-06-06
412,573,2024-10-25
413,654,2025-03-22
414,475,2024-12-06
415,525,2024-04-10
416,12,2024-10-16
417,344,2025-02-01
418,486,2025-02-09
419,666,2024-05-02
420,904,2024-05-25
421,862,2024-05-24
422,129,2024-12-18
423,332,2024-12-03
424,131,2024-09-14
425,388,2024-10-19
426,2,2024-04-26
427,8,2024-08-14
428,602,2025-02-26
429,361,2025-03-03
430,766,2025-01-21
431,903,2024-11-09
432,735,2024-07-27
433,491,2025-01-28
434,662,2024-09-26
435,23,2025-03-14
436,174,2024-12-27
437,360,2024-07-09
438,111,2025-01-24
439,941,2024-09-25
440,213,2025-02-23
441,343,2024-04-02
442,293,2025-03-05
443,343,2024-08-13
444,707,2025-03-20
445,101,2025-01-04
446,796,2024-06-25
447,228,2024-04-29
448,303,2025-02-16
449,98,2025-03-02
450,140,2024-05-05
451,637,2024-04-15
452,449,2024-08-14
453,808,2024-12-21
454,105,2024-10-31
455,185,2024-06-22
456,869,2024-12-18
457,365,2025-01-28
458,44,2025-01-14
459,529,2024-07-04
460,505,2024-04-04
461,267,2025-03-01
462,630,2024-11-25
463,246,2024-09-16
464,808,2024-10-11
465,141,2025-03-28
466,617,2024-06-18
467,451,2024-11-21
468,443,2024-09-21
469,724,2024-11-27
470,232,2024-10-13
471,531,2024-07-22
472,130,2024-05-25
473,599,2024-05-07
474,424,2024-11-03
475,785,2024-11-14
476,858,2024-05-19
477,785,2025-01-16
478,297,2024-07-29
479,622,2024-05-25
480,742,2024-12-16
481,698,2024-09-11
482,150,2024-11-22
483,168,2024-06-30
484,379,2024-10-02
485,175,2024-09-06
486,370,2025-01-10
487,780,2025-03-02
488,861,2024-08-17
489,849,2024-12-08
490,673,2024-04-12
491,740,2025-01-20
492,648,2025-01-08
493,133,2024-05-11
494,836,2024-09-05
495,868,2025-02-10
496,553,2024-10-06
497,113,2024-09-13
498,883,2024-10-04
499,287,2024-12-25
500,447,2025-03-03
501,972,2024-05-09
502,476,2024-10-15
503,911,2024-10-10
504,562,2024-10-03
505,258,2024-09-02
506,905,2025-03-04
507,293,2025-03-15
508,683,2024-05-19
509,659,2024-12-12
510,283,2024-10-24
511,425,2024-10-28
512,513,2025-02-09
513,571,2024-06-24
514,564,2024-09-06
515,450,2025-03-26
516,798,2024-07-01
517,7,2024-09-15
518,540,2024-10-29
519,171,2024-10-22
520,382,2025-03-18
521,37,2024-12-15
522,305,2024-12-15
523,365,2024-08-17
524,194,2024-04-10
525,378,2024-05-05
526,594,2025-01-09
527,824,2024-12-11
528,995,2024-09-01
529,818,2025-03-08
530,958,2025-01-27
531,934,2025-01-29
532,748,2024-12-05
533,28,2024-06-02
534,800,2024-09-26
535,40,2025-03-25
536,784,2024-09-03
537,485,2024-06-06
538,807,2024-11-16
539,388,2024-06-01
540,924,2024-06-11
541,656,2024-09-13
542,718,2024-09-15
543,822,2024-09-16
544,306,2024-09-20
545,253,2024-10-17
546,397,2025-02-17
547,609,2024-12-25
548,406,2024-10-17
549,826,2024-04-05
550,300,2024-11-08
551,219,2024-12-28
552,364,2024-12-24
553,187,2024-06-15
554,222,2024-09-21
555,340,2024-12-06
556,369,2024-09-02
557,163,2024-05-04
558,187,2024-09-01
559,935,2025-02-12
560,766,2024-08-05
561,80,2024-06-05
562,395,2024-06-12
563,216,2024-10-31
564,720,2025-03-23
565,166,2024-12-05
566,256,2024-11-20
567,398,2024-12-19
568,3,2025-03-13
569,771,2025-01-03
570,478,2024-10-26
571,827,2024-11-23
572,775,2024-04-01
573,682,2024-09-28
574,289,2024-07-23
575,652,2024-11-12
576,112,2024-11-13
577,201,2024-07-03
578,862,2025-02-08
579,39,2024-08-02
580,149,2024-11-06
581,571,2024-10-25
582,807,2024-05-12
583,808,2024-05-23
584,963,2024-08-04
585,772,2024-08-11
586,447,2024-11-28
587,73,2024-10-03
588,718,2024-10-04
589,656,2024-09-28
590,193,2024-05-30
591,437,2024-09-16
592,572,2024-08-04
593,263,2024-11-21
594,609,2025-02-19
595,983,2024-10-10
596,488,2024-08-26
597,889,2024-07-25
598,49,2024-04-10
599,814,2024-10-31
600,513,2025-02-20
601,189,2024-06-12
602,334,2025-03-21
603,422,2024-11-03
604,639,2024-08-22
605,813,2025-01-14
606,492,2024-10-24
607,154,2024-04-10
608,15,2024-08-02
609,905,2024-04-12
610,732,2025-03-25
611,808,2024-04-29
612,567,2025-03-23
613,831,2025-01-01
614,262,2025-04-01
615,663,2025-03-30
616,378,2024-07-22
617,306,2024-05-19
618,708,2025-01-26
619,392,2024-09-19
620,859,2024-05-13
621,605,2025-03-13
622,321,2025-01-29
623,714,2024-08-29
624,582,2024-08-07
625,555,2024-10-05
626,385,2024-11-01
627,528,2024-11-13
628,56,2024-06-13
629,474,2024-11-09
630,102,2024-04-28
631,673,2025-02-14
632,326,2024-05-25
633,376,2024-11-16
634,672,2025-03-02
635,380,2024-08-15
636,656,2025-03-03
637,579,2024-09-01
638,378,2024-08-15
639,232,2025-02-06
640,262,2024-05-07
641,987,2024-10-25
642,734,2024-10-24
643,141,2024-09-19
644,128,2024-05-02
645,531,2024-12-08
646,787,2024-05-15
647,2,2025-02-21
648,22,2024-07-29
649,426,2024-10-22
650,650,2024-09-14
651,747,2024-04-16
652,688,2024-04-22
653,834,2025-03-06
654,512,2024-12-10
655,121,2024-08-19
656,300,2025-01-26
657,734,2024-04-17
658,545,2024-04-02
659,191,2025-01-04
660,947,2024-11-21
661,301,2024-06-11
662,359,2024-07-11
663,350,2024-07-14
664,165,2024-11-17
665,107,2024-12-30
666,613,2024-12-05
667,626,2024-06-10
668,860,2024-10-21
669,951,2024-09-21
670,279,2024-11-04
671,202,2025-02-19
672,25,2025-03-12
673,508,2024-10-08
674,405,2024-08-14
675,352,2024-12-05
676,852,2024-09-27
677,868,2024-04-20
678,70,2024-11-30
679,376,2024-06-30
680,796,2024-12-06
681,528,2024-04-07
682,49,2025-01-26
683,479,2024-05-25
684,413,2024-11-15
685,907,2024-06-16
686,472,2024-04-07
687,501,2024-05-18
688,431,2024-05-10
689,52,2025-01-09
690,793,2025-03-07
691,923,2024-05-29
692,20,2024-08-11
693,667,2024-12-03
694,915,2024-04-06
695,236,2024-04-25
696,193,2024-12-07
697,698,2024-10-14
698,861,2024-08-31
699,652,2025-02-19
700,584,2024-11-29
701,109,2024-04-15
702,167,2024-10-09
703,191,2024-07-16
704,284,2024-06-06
705,315,2024-11-08
706,165,2025-01-18
707,654,2024-04-09
708,849,2024-09-03
709,437,2024-12-13
710,17,2024-12-06
711,693,2024-11-20
712,641,2024-08-12
713,931,2024-05-28
714,319,2024-06-10
715,931,2024-06-02
716,998,2024-06-28
717,235,2025-02-25
718,241,2024-06-13
719,161,2024-09-06
720,287,2024-11-21
721,308,2024-06-21
722,225,2025-02-13
723,802,2024-05-17
724,792,2024-12-03
725,482,2024-11-04
726,250,2024-04-07
727,175,2024-08-28
728,868,2024-06-05
729,723,2025-03-11
730,554,2024-04-17
731,644,2024-04-06
732,388,2025-01-29
733,500,2024-10-11
734,353,2024-12-05
735,827,2024-06-15
736,799,2024-04-08
737,733,2025-04-01
738,703,2024-05-23
739,643,2025-02-10
740,27,2024-07-11
741,497,2025-01-31
742,608,2024-06-07
743,571,2025-03-18
744,95,2024-08-28
745,167,2024-12-09
746,57,2025-01-01
747,755,2024-09-12
748,391,2024-05-24
749,626,2024-07-10
750,525,2024-12-29
751,932,2025-02-07
752,965,2024-11-10
753,731,2024-09-23
754,681,2024-08-20
755,582,2024-07-02
756,867,2024-09-30
757,851,2025-02-02
758,187,2025-01-11
759,791,2024-12-03
760,618,2024-07-21
761,687,2024-04-10
762,2,2024-12-27
763,264,2025-02-09
764,336,2024-08-05
765,624,2024-10-10
766,539,2025-03-10
767,668,2025-01-29
768,265,2024-12-25
769,784,2024-05-06
770,685,2025-02-08
771,204,2024-12-06
772,484,2025-01-22
773,902,2024-07-17
774,391,2024-07-28
775,869,2024-08-30
776,824,2024-12-14
777,961,2024-11-19
778,195,2024-08-21
779,149,2025-03-17
780,557,2024-09-06
781,995,2024-12-20
782,227,2025-01-27
783,297,2025-03-19
784,678,2024-10-10
785,714,2024-07-09
786,193,2024-04-20
787,545,2025-01-05
788,124,2024-08-26
789,855,2024-10-28
790,511,2025-03-17
791,436,2024-10-09
792,477,2025-02-01
793,863,2024-06-20
794,716,2024-08-19
795,500,2024-12-07
796,361,2024-07-28
797,258,2024-07-08
798,818,2025-03-31
799,71,2024-08-23
800,769,2024-06-25
801,844,2024-07-08
802,60,2024-08-07
803,782,2025-01-07
804,389,2024-04-26
805,883,2024-07-19
806,478,2024-08-26
807,746,2024-12-11
808,848,2024-09-14
809,942,2025-03-15
810,200,2024-10-31
811,330,2024-10-26
812,516,2024-12-14
813,442,2025-02-14
814,567,2024-09-10
815,439,2024-08-16
816,179,2025-03-27
817,412,2025-03-06
818,675,2024-10-17
819,897,2024-06-17
820,332,2024-12-15
821,809,2025-01-16
822,787,2025-03-05
823,369,2024-07-13
824,760,2024-10-14
825,83,2024-06-17
826,431,2025-01-31
827,359,2024-07-25
828,928,2024-11-05
829,897,2025-01-13
830,964,2025-02-27
831,809,2024-06-28
832,707,2024-12-13
833,358,2025-03-31
834,446,2025-03-26
835,259,2024-08-16
836,857,2024-12-11
837,481,2024-10-30
838,599,2024-09-14
839,163,2024-12-01
840,423,2024-06-02
841,748,2025-02-26
842,397,2024-09-09
843,487,2025-02-18
844,634,2024-10-10
845,349,2024-06-23
846,518,2024-09-16
847,182,2024-08-31
848,285,2025-02-17
849,249,2024-07-26
850,821,2024-10-19
851,549,2024-07-31
852,47,2024-07-03
853,414,2024-05-30
854,272,2024-04-12
855,859,2025-03-01
856,680,2024-12-14
857,429,2025-02-10
858,85,2024-09-26
859,368,2024-10-01
860,639,2024-08-20
861,778,2024-10-21
862,336,2024-09-30
863,769,2024-04-02
864,743,2025-03-25
865,782,2024-10-15
866,194,2025-03-16
867,593,2024-11-23
868,423,2024-07-22
869,531,2024-07-04
870,715,2024-06-01
871,216,2025-01-26
872,293,2025-03-10
873,239,2024-12-09
874,123,2024-09-06
875,346,2025-01-25
876,968,2025-02-07
877,724,2024-11-23
878,708,2024-11-04
879,256,2024-06-24
880,588,2024-12-12
881,170,2025-02-16
882,734,2024-12-08
883,918,2024-07-07
884,789,2024-07-26
885,49,2024-07-04
886,204,2025-03-05
887,198,2025-01-09
888,382,2024-09-15
889,879,2024-11-18
890,951,2024-12-25
891,985,2024-08-09
892,435,2025-03-03
893,637,2024-10-25
894,30,2024-04-13
895,593,2024-08-17
896,930,2024-04-10
897,435,2025-01-22
898,435,2025-01-07
899,147,2025-02-01
900,956,2024-07-28
901,274,2024-08-02
902,352,2025-02-05
903,589,2024-04-24
904,353,2024-08-19
905,762,2025-01-05
906,189,2024-04-13
907,57,2024-11-18
908,221,2024-06-07
909,490,2024-10-24
910,707,2024-07-14
911,466,2024-09-03
912,665,2024-09-27
913,10,2024-06-04
914,799,2025-01-10
915,988,2025-02-14
916,288,2024-04-04
917,881,2024-04-20
918,594,2024-09-25
919,330,2024-06-16
920,746,2024-07-18
921,219,2024-06-06
922,801,2025-03-23
923,490,2025-01-20
924,333,2024-11-21
925,539,2025-01-20
926,987,2024-06-16
927,224,2024-11-07
928,503,2024-04-18
929,468,2024-12-27
930,558,2024-09-29
931,569,2024-09-21
932,623,2024-06-28
933,141,2025-03-22
934,224,2025-01-12
935,994,2024-10-08
936,44,2025-03-19
937,267,2024-05-26
938,738,2025-02-22
939,563,2024-11-16
940,496,2024-08-01
941,652,2024-07-14
942,490,2024-12-03
943,722,2025-02-01
944,600,2025-03-25
945,939,2024-08-13
946,964,2024-12-16
947,565,2024-12-01
948,130,2024-12-23
949,32,2024-04-02
950,652,2024-07-03
951,735,2024-11-05
952,212,2025-03-26
953,218,2024-04-12
954,78,2024-04-25
955,867,2024-09-11
956,269,2024-05-24
957,699,2024-08-09
958,859,2024-11-04
959,713,2024-08-15
960,619,2024-05-13
961,574,2024-08-16
962,98,2024-04-15
963,261,2024-12-19
964,402,2024-05-22
965,776,2024-12-24
966,132,2024-12-27
967,782,2024-12-04
968,96,2024-04-02
969,994,2024-07-26
970,230,2024-08-12
971,78,2024-04-09
972,454,2024-12-12
973,902,2024-06-11
974,387,2024-11-05
975,11,2024-05-07
976,396,2024-07-31
977,283,2024-06-21
978,246,2024-08-12
979,665,2024-06-28
980,289,2025-03-10
981,295,2024-04-26
982,328,2024-05-25
983,449,2025-03-19
984,418,2024-09-28
985,209,2024-11-18
986,636,2024-07-12
987,621,2025-01-25
988,511,2024-12-22
989,769,2024-12-23
990,736,2024-12-18
991,905,2024-12-22
992,791,2024-06-30
993,524,2025-02-15
994,749,2024-06-26
995,540,2025-01-17
996,881,2024-10-08
997,744,2024-11-27
998,138,2025-02-28
999,446,2025-02-18
1000,392,2025-01-20
1001,422,2024-08-07
1002,50,2024-06-13
1003,253,2024-05-01
1004,893,2025-02-04
1005,824,2025-01-06
1006,174,2025-01-07
1007,873,2025-03-18
1008,136,2024-05-10
1009,811,2024-05-14
1010,18,2024-05-26
1011,316,2024-07-02
1012,356,2024-12-12
1013,384,2024-08-15
1014,219,2024-11-10
1015,617,2024-04-12
1016,548,2024-07-16
1017,554,2025-03-04
1018,270,2024-06-04
1019,978,2024-09-03
1020,185,2024-08-18
1021,899,2024-06-11
1022,870,2025-03-10
1023,415,2024-09-26
1024,874,2025-02-12
1025,457,2024-07-12
1026,239,2024-05-28
1027,230,2024-11-01
1028,257,2024-09-16
1029,655,2025-02-21
1030,223,2024-12-19
1031,755,2024-08-26
1032,590,2025-03-18
1033,82,2024-06-11
1034,33,2025-02-08
1035,662,2024-12-16
1036,85,2024-08-12
1037,446,2024-05-14
1038,198,2024-12-25
1039,57,2024-04-20
1040,383,2024-10-21
1041,874,2024-08-20
1042,173,2024-10-10
1043,452,2024-06-26
1044,611,2024-10-23
1045,108,2024-06-14
1046,957,2024-11-02
1047,830,2025-01-03
1048,135,2024-12-19
1049,602,2024-08-14
1050,620,2024-08-14
1051,740,2024-07-23
1052,531,2024-08-11
1053,120,2024-05-02
1054,366,2024-07-10
1055,352,2024-12-02
1056,427,2025-01-19
1057,106,2024-09-15
1058,882,2024-04-16
1059,567,2025-02-04
1060,780,2024-11-21
1061,863,2025-02-14
1062,972,2025-03-19
1063,46,2024-11-30
1064,423,2024-05-02
1065,676,2024-11-14
1066,774,2024-06-30
1067,974,2024-08-04
1068,329,2024-05-07
1069,913,2024-05-01
1070,276,2024-10-03
1071,78,2024-12-15
1072,562,2025-03-17
1073,312,2025-03-25
1074,768,2024-07-28
1075,929,2024-08-12
1076,44,2025-02-16
1077,662,2024-08-17
1078,967,2024-07-31
1079,376,2025-01-19
1080,260,2024-12-22
1081,507,2024-06-25
1082,637,2024-12-24
1083,485,2024-09-24
1084,871,2024-12-28
1085,153,2024-04-13
1086,768,2025-03-25
1087,249,2025-01-23
1088,159,2024-09-10
1089,516,2024-05-23
1090,712,2024-10-02
1091,271,2024-06-12
1092,4,2024-10-29
1093,979,2025-02-23
1094,936,2024-05-12
1095,806,2024-09-09
1096,808,2024-09-24
1097,679,2024-06-17
1098,1,2024-07-06
1099,307,2024-09-19
1100,198,2024-07-07
1101,275,2024-08-28
1102,784,2024-05-08
1103,809,2025-02-22
1104,693,2024-05-25
1105,672,2025-02-23
1106,983,2024-05-04
1107,461,2024-12-16
1108,327,2024-08-02
1109,479,2025-02-17
1110,994,2024-10-02
1111,584,2024-08-24
1112,627,2024-09-12
1113,603,2025-01-05
1114,452,2025-01-06
1115,882,2025-01-22
1116,390,2025-03-04
1117,608,2025-01-16
1118,661,2024-06-04
1119,100,2025-01-21
1120,452,2024-09-13
1121,76,2024-07-09
1122,218,2025-03-09
1123,39,2024-05-10
1124,933,2024-06-07
1125,913,2025-01-18
1126,68,2024-09-12
1127,233,2024-04-12
1128,665,2024-10-17
1129,920,2024-07-10
1130,618,2024-10-22
1131,492,2024-05-17
1132,749,2024-10-16
1133,475,2025-01-30
1134,580,2024-12-11
1135,240,2024-09-19
1136,63,2024-08-31
1137,190,2024-06-02
1138,258,2024-04-06
1139,165,2024-11-15
1140,572,2024-11-28
1141,647,2025-03-29
1142,555,2024-04-23
1143,793,2024-09-12
1144,815,2024-11-08
1145,983,2024-06-30
1146,542,2024-05-03
1147,766,2024-11-21
1148,607,2025-02-18
1149,439,2024-09-15
1150,615,2024-07-03
1151,604,2024-04-08
1152,88,2025-02-01
1153,878,2025-02-22
1154,216,2024-07-01
1155,5,2025-03-25
1156,277,2024-11-27
1157,150,2024-11-19
1158,939,2024-08-09
1159,326,2024-04-29
1160,434,2024-09-17
1161,629,2025-01-15
1162,168,2024-10-09
1163,505,2025-04-01
1164,549,2024-04-24
1165,855,2024-07-30
1166,79,2024-08-09
1167,372,2024-04-13
1168,506,2025-01-02
1169,661,2024-08-07
1170,820,2025-01-06
1171,233,2024-11-26
1172,109,2025-02-14
1173,439,2024-11-16
1174,775,2024-10-27
1175,714,2024-05-26
1176,841,2025-03-23
1177,100,2025-02-13
1178,816,2024-05-19
1179,726,2025-03-22
1180,231,2024-12-19
1181,596,2024-12-30
1182,874,2025-01-07
1183,661,2024-09-10
1184,230,2024-09-19
1185,150,2024-06-28
1186,689,2024-12-19
1187,847,2025-02-07
1188,479,2024-05-09
1189,231,2024-06-07
1190,331,2025-01-21
1191,743,2024-06-23
1192,898,2024-07-18
1193,356,2025-01-29
1194,107,2024-06-28
1195,419,2025-02-16
1196,435,2025-01-27
1197,239,2024-10-24
1198,682,2025-03-24
1199,288,2024-11-02
1200,715,2024-10-24
1201,758,2024-04-15
1202,609,2024-07-29
1203,996,2024-10-12
1204,717,2024-08-12
1205,493,2025-02-25
1206,954,2025-03-30
1207,919,2024-05-06
1208,676,2024-12-12
1209,549,2024-07-23
1210,148,2024-12-09
1211,301,2024-05-30
1212,825,2024-04-23
1213,496,2024-05-27
1214,653,2024-08-22
1215,789,2024-11-23
1216,80,2025-02-11
1217,41,2024-07-04
1218,853,2024-09-03
1219,520,2024-07-25
1220,636,2024-08-21
1221,892,2024-04-18
1222,162,2025-02-28
1223,404,2024-12-20
1224,169,2024-05-27
1225,111,2024-11-01
1226,784,2024-06-08
1227,533,2025-01-31
1228,691,2025-01-06
1229,613,2024-07-02
1230,657,2024-05-12
1231,363,2024-07-05
1232,621,2024-07-09
1233,150,2024-05-22
1234,362,2024-10-01
1235,377,2024-08-19
1236,121,2025-01-23
1237,827,2024-08-23
1238,579,2024-09-19
1239,426,2024-08-26
1240,128,2024-09-29
1241,559,2024-06-11
1242,952,2024-11-22
1243,74,2024-11-23
1244,706,2024-04-25
1245,291,2024-05-13
1246,521,2025-01-04
1247,316,2024-08-07
1248,638,2024-07-23
1249,382,2024-11-16
1250,416,2024-04-10
1251,926,2025-01-16
1252,652,2024-07-20
1253,87,2024-12-01
1254,436,2024-07-10
1255,618,2024-06-15
1256,951,2025-03-14
1257,737,2024-05-04
1258,674,2024-10-20
1259,102,2025-02-25
1260,533,2024-12-31
1261,540,2024-06-18
1262,386,2024-12-08
1263,588,2024-07-26
1264,780,2024-07-06
1265,886,2024-09-17
1266,278,2025-03-09
1267,747,2024-11-25
1268,91,2024-08-23
1269,665,2024-06-27
1270,421,2025-03-22
1271,173,2025-02-03
1272,362,2024-05-03
1273,702,2025-03-11
1274,9,2024-04-15
1275,149,2024-12-23
1276,616,2024-12-10
1277,610,2025-02-27
1278,418,2024-05-31
1279,162,2024-12-15
1280,679,2024-11-14
1281,11,2024-10-05
1282,836,2024-10-05
1283,566,2024-05-17
1284,293,2024-12-20
1285,903,2024-12-06
1286,632,2024-05-12
1287,323,2024-08-03
1288,520,2024-04-07
1289,646,2024-09-06
1290,920,2024-05-28
1291,620,2024-12-22
1292,321,2024-11-14
1293,200,2024-05-15
1294,945,2024-12-18
1295,59,2025-03-30
1296,60,2024-09-29
1297,725,2024-11-21
1298,473,2024-05-20
1299,726,2024-08-30
1300,691,2025-03-17
1301,752,2025-01-29
1302,753,2024-08-10
1303,689,2025-02-09
1304,195,2024-04-25
1305,33,2025-03-20
1306,328,2024-09-23
1307,444,2024-06-22
1308,292,2025-02-27
1309,596,2024-06-02
1310,249,2024-10-15
1311,824,2024-05-14
1312,572,2025-02-21
1313,565,2024-09-13
1314,431,2024-05-25
1315,98,2024-12-23
1316,138,2024-11-25
1317,647,2024-05-03
1318,495,2025-01-14
1319,491,2024-04-21
1320,565,2025-01-09
1321,423,2024-10-13
1322,931,2024-10-07
1323,421,2024-06-28
1324,856,2025-02-13
1325,424,2024-11-27
1326,424,2024-05-31
1327,225,2024-05-31
1328,80,2024-05-09
1329,877,2024-11-17
1330,735,2024-10-31
1331,537,2024-07-05
1332,86,2024-09-02
1333,831,2024-11-07
1334,387,2025-03-16
1335,141,2024-04-30
1336,810,2025-01-31
1337,544,2024-08-04
1338,107,2024-09-19
1339,937,2024-06-24
1340,520,2024-12-20
1341,352,2024-09-26
1342,601,2024-09-16
1343,157,2025-01-28
1344,830,2024-10-05
1345,434,2024-05-15
1346,70,2025-01-26
1347,867,2024-04-11
1348,779,2024-08-18
1349,290,2024-05-24
1350,940,2024-11-06
1351,314,2024-10-17
1352,645,2024-12-22
1353,177,2024-09-23
1354,879,2024-10-07
1355,669,2024-04-01
1356,549,2024-09-19
1357,980,2024-12-06
1358,363,2024-07-23
1359,591,2024-08-13
1360,810,2025-02-25
1361,21,2024-11-18
1362,700,2025-01-13
1363,32,2024-11-27
1364,933,2025-02-21
1365,392,2025-01-09
1366,600,2024-05-02
1367,503,2024-08-23
1368,728,2025-03-02
1369,214,2024-06-16
1370,820,2024-04-22
1371,113,2024-07-08
1372,505,2024-07-16
1373,344,2024-08-02
1374,694,2024-04-20
1375,823,2024-04-05
1376,59,2025-02-09
1377,487,2024-06-08
1378,350,2024-04-03
1379,748,2024-05-21
1380,204,2025-01-27
1381,937,2024-12-07
1382,421,2024-08-25
1383,248,2025-01-14
1384,375,2025-02-08
1385,966,2024-10-20
1386,663,2024-07-04
1387,941,2024-11-04
1388,78,2024-10-09
1389,73,2024-11-02
1390,729,2024-11-25
1391,398,2024-04-14
1392,902,2025-03-11
1393,269,2024-06-22
1394,418,2025-01-15
1395,846,2025-04-01
1396,807,2024-07-30
1397,413,2024-12-04
1398,169,2024-08-13
1399,192,2025-03-08
1400,246,2024-04-22
1401,801,2024-06-06
1402,119,2024-11-17
1403,172,2024-08-01
1404,698,2024-10-13
1405,987,2024-09-03
1406,235,2024-09-23
1407,677,2025-01-21
1408,797,2024-09-02
1409,531,2024-04-19
1410,329,2024-07-02
1411,832,2024-12-08
1412,157,2025-01-28
1413,95,2024-04-19
1414,854,2024-07-15
1415,745,2024-04-04
1416,335,2024-11-21
1417,350,2025-01-29
1418,748,2025-01-05
1419,491,2025-02-01
1420,44,2024-06-19
1421,522,2024-07-16
1422,598,2024-09-06
1423,237,2024-12-22
1424,985,2024-12-24
1425,450,2024-09-26
1426,717,2024-12-20
1427,214,2024-08-14
1428,201,2024-07-25
1429,404,2024-11-29
1430,795,2024-04-27
1431,246,2024-10-26
1432,378,2025-01-02
1433,658,2025-01-07
1434,416,2024-05-27
1435,143,2024-07-03
1436,417,2025-02-01
1437,233,2024-09-12
1438,845,2024-10-28
1439,669,2024-10-14
1440,208,2024-05-08
1441,586,2024-04-18
1442,675,2024-04-30
1443,287,2025-03-12
1444,343,2024-07-04
1445,894,2025-02-17
1446,259,2024-10-31
1447,955,2024-12-15
1448,161,2024-05-22
1449,104,2024-09-21
1450,515,2024-06-07
1451,699,2024-04-28
1452,878,2024-04-19
1453,805,2025-03-05
1454,502,2025-01-17
1455,243,2024-07-31
1456,493,2024-05-09
1457,195,2024-07-04
1458,33,2024-07-04
1459,912,2024-07-19
1460,881,2024-08-24
1461,241,2024-04-24
1462,917,2024-05-10
1463,695,2024-10-29
1464,59,2024-07-30
1465,996,2024-06-02
1466,722,2024-05-28
1467,440,2024-04-02
1468,453,2024-05-09
1469,897,2024-07-01
1470,65,2024-10-25
1471,391,2024-12-12
1472,374,2024-10-30
1473,255,2024-06-05
1474,576,2024-08-19
1475,310,2025-02-04
1476,971,2024-07-01
1477,860,2024-06-07
1478,445,2024-04-13
1479,544,2025-01-25
1480,342,2024-10-31
1481,942,2025-01-13
1482,939,2024-06-16
1483,994,2024-12-23
1484,566,2025-01-09
1485,821,2024-04-30
1486,822,2025-03-09
1487,311,2025-01-18
1488,21,2024-12-18
1489,488,2024-08-29
1490,42,2024-10-21
1491,796,2024-05-18
1492,357,2025-01-07
1493,774,2025-01-28
1494,265,2024-12-04
1495,880,2024-09-07
1496,849,2024-06-26
1497,297,2024-09-09
1498,246,2025-02-21
1499,281,2024-04-04
1500,962,2024-07-02
